,instant,dteday,season,yr,mnth,holiday,weekday,workingday,weathersit,temp_celsius,windspeed_kh,atemp,hum,casual,registered,cs_ratio,cnt,season_cat,cnt_cat
0,1,01/01/2011,1,0,1,0,6,0,2,14.110847,10.749882,0.363625,80.5833,331,654,0.5061162079510704,985,Winter,Uso bajo
1,2,02/01/2011,1,0,1,0,0,0,2,14.902598,16.652113,0.353739,69.6087,131,670,0.19552238805970149,801,Winter,Uso bajo
2,3,03/01/2011,1,0,1,0,1,1,1,8.050924,16.636703,0.189405,43.7273,120,1229,0.09764035801464606,1349,Winter,Uso bajo
3,4,04/01/2011,1,0,1,0,2,1,1,8.2,10.739832,0.212122,59.0435,108,1454,0.07427785419532325,1562,Winter,Uso bajo
4,5,05/01/2011,1,0,1,0,3,1,1,9.305237,12.5223,0.22927,43.6957,82,1518,0.05401844532279315,1600,Winter,Uso bajo
5,6,06/01/2011,1,0,1,0,4,1,1,8.378268,6.0008684,0.233209,51.8261,88,1518,0.057971014492753624,1606,Winter,Uso bajo
6,7,07/01/2011,1,0,1,0,5,1,2,8.057402,11.304642,0.208839,49.8696,148,1362,0.10866372980910426,1510,Winter,Uso bajo
7,8,08/01/2011,1,0,1,0,6,0,2,6.765,17.875868,0.162254,53.5833,68,891,0.07631874298540965,959,Winter,Uso bajo
8,9,09/01/2011,1,0,1,0,0,0,1,5.671653,24.25065,0.116175,43.4167,54,768,0.0703125,822,Winter,Uso bajo
9,10,10/01/2011,1,0,1,0,1,1,1,6.184153,14.958889,0.150888,48.2917,41,1280,0.03203125,1321,Winter,Uso bajo
10,11,11/01/2011,1,0,1,0,2,1,2,6.932731,8.182844,0.191464,68.6364,43,1220,0.03524590163934426,1263,Winter,Uso bajo
11,12,12/01/2011,1,0,1,0,3,1,1,7.081807,20.410009,0.160473,59.9545,25,1137,0.02198768689533861,1162,Winter,Uso bajo
12,13,13/01/2011,1,0,1,0,4,1,1,6.765,20.167,0.150883,47.0417,38,1368,0.027777777777777776,1406,Winter,Uso bajo
13,14,14/01/2011,1,0,1,0,5,1,1,6.59567,8.478716,0.188413,53.7826,54,1367,0.03950256035113387,1421,Winter,Uso bajo
14,15,15/01/2011,1,0,1,0,6,0,2,9.566653,10.583521,0.248112,49.875,222,1026,0.21637426900584794,1248,Winter,Uso bajo
15,16,16/01/2011,1,0,1,0,0,0,1,9.498347,12.625011,0.234217,48.375,251,953,0.2633788037775446,1204,Winter,Uso bajo
16,17,17/01/2011,1,0,1,1,1,0,2,7.209153,12.999139,0.176771,53.75,117,883,0.13250283125707815,1000,Winter,Uso bajo
17,18,18/01/2011,1,0,1,0,2,1,2,8.883347,9.833925,0.232333,86.1667,9,674,0.013353115727002967,683,Winter,Uso bajo
18,19,19/01/2011,1,0,1,0,3,1,2,11.979134,13.957239,0.298422,74.1739,78,1572,0.04961832061068702,1650,Winter,Uso bajo
19,20,20/01/2011,1,0,1,0,4,1,2,10.728347,13.125568,0.25505,53.8333,83,1844,0.045010845986984814,1927,Winter,Uso bajo
20,21,21/01/2011,1,0,1,0,5,1,1,7.2775,23.667214,0.157833,45.7083,75,1468,0.05108991825613079,1543,Winter,Uso bajo
21,22,22/01/2011,1,0,1,0,6,0,1,2.4243464,11.52199,0.0790696,40.0,93,888,0.10472972972972973,981,Winter,Uso bajo
22,23,23/01/2011,1,0,1,0,0,0,1,3.9573897,16.5222,0.0988391,43.6522,150,836,0.17942583732057416,986,Winter,Uso bajo
23,24,24/01/2011,1,0,1,0,1,1,1,3.9930433,10.60811,0.11793,49.1739,86,1330,0.06466165413533835,1416,Winter,Uso bajo
24,25,25/01/2011,1,0,1,0,2,1,2,9.162598,8.696332,0.234526,61.6957,186,1799,0.10339077265147303,1985,Winter,Uso bajo
25,26,26/01/2011,1,0,1,0,3,1,3,8.9175,19.68795,0.2036,86.25,34,472,0.07203389830508475,506,Winter,Uso bajo
26,27,27/01/2011,1,0,1,0,4,1,1,7.995,7.627079,0.2197,68.75,15,416,0.036057692307692304,431,Winter,Uso bajo
27,28,28/01/2011,1,0,1,0,5,1,2,8.342598,8.2611,0.223317,79.3043,38,1129,0.03365810451727192,1167,Winter,Uso bajo
28,29,29/01/2011,1,0,1,0,6,0,1,8.057402,9.739455,0.212126,65.1739,123,975,0.12615384615384614,1098,Winter,Uso bajo
29,30,30/01/2011,1,0,1,0,0,0,1,8.877402,4.9568342,0.250322,72.2174,140,956,0.14644351464435146,1096,Winter,Uso bajo
30,31,31/01/2011,1,0,1,0,1,1,2,7.414153,12.541864,0.18625,60.375,42,1459,0.02878684030157642,1501,Winter,Uso bajo
31,32,01/02/2011,1,0,2,0,2,1,2,7.879134,3.565271,0.23453,82.9565,47,1313,0.0357958872810358,1360,Winter,Uso bajo
32,33,02/02/2011,1,0,2,0,3,1,2,10.66,17.708636,0.254417,77.5417,72,1454,0.04951856946354883,1526,Winter,Uso bajo
33,34,03/02/2011,1,0,2,0,4,1,1,7.665237,18.609384,0.177878,43.7826,61,1489,0.0409670920080591,1550,Winter,Uso bajo
34,35,04/02/2011,1,0,2,0,5,1,2,8.663464,8.565213,0.228587,58.5217,88,1620,0.05432098765432099,1708,Winter,Uso bajo
35,36,05/02/2011,1,0,2,0,6,0,2,9.566653,10.792293,0.243058,92.9167,100,905,0.11049723756906077,1005,Winter,Uso bajo
36,37,06/02/2011,1,0,2,0,0,0,1,11.719153,9.5006,0.291671,56.8333,354,1269,0.2789598108747045,1623,Winter,Uso bajo
37,38,07/02/2011,1,0,2,0,1,1,1,11.138347,3.0423561,0.303658,73.8333,120,1592,0.07537688442211055,1712,Winter,Uso bajo
38,39,08/02/2011,1,0,2,0,2,1,1,9.054153,24.25065,0.198246,53.7917,64,1466,0.04365620736698499,1530,Winter,Uso bajo
39,40,09/02/2011,1,0,2,0,3,1,2,5.526103,12.652213,0.144283,49.4783,53,1552,0.03414948453608247,1605,Winter,Uso bajo
40,41,10/02/2011,1,0,2,0,4,1,1,5.918268,14.869645,0.149548,43.7391,47,1491,0.031522468142186455,1538,Winter,Uso bajo
41,42,11/02/2011,1,0,2,0,5,1,1,7.752731,7.27285,0.213509,50.6364,149,1597,0.09329993738259236,1746,Winter,Uso bajo
42,43,12/02/2011,1,0,2,0,6,0,1,9.1225,13.625589,0.232954,54.4167,288,1184,0.24324324324324326,1472,Winter,Uso bajo
43,44,13/02/2011,1,0,2,0,0,0,1,12.977402,17.479161,0.324113,45.7391,397,1192,0.33305369127516776,1589,Winter,Uso bajo
44,45,14/02/2011,1,0,2,0,1,1,1,17.015,27.999836,0.39835,37.5833,208,1705,0.1219941348973607,1913,Winter,Uso bajo
45,46,15/02/2011,1,0,2,0,2,1,1,10.909567,19.522058,0.254274,31.4348,140,1675,0.08358208955223881,1815,Winter,Uso bajo
46,47,16/02/2011,1,0,2,0,3,1,1,13.048701,16.869997,0.3162,42.3478,218,1897,0.11491829204006326,2115,Winter,Uso bajo
47,48,17/02/2011,1,0,2,0,4,1,1,17.869153,15.416968,0.428658,50.5,259,2216,0.11687725631768953,2475,Winter,Uso bajo
48,49,18/02/2011,1,0,2,0,5,1,1,21.388347,17.749975,0.511983,51.6667,579,2348,0.24659284497444633,2927,Winter,Uso medio
49,50,19/02/2011,1,0,2,0,6,0,1,16.365847,34.000021,0.391404,18.7917,532,1103,0.4823209428830462,1635,Winter,Uso bajo
50,51,20/02/2011,1,0,2,0,0,0,1,11.693897,14.956745,0.27733,40.7826,639,1173,0.5447570332480819,1812,Winter,Uso bajo
51,52,21/02/2011,1,0,2,1,1,0,2,12.436653,20.625682,0.284075,60.5,195,912,0.2138157894736842,1107,Winter,Uso bajo
52,53,22/02/2011,1,0,2,0,2,1,1,7.471102,13.110761,0.186033,57.7778,74,1376,0.05377906976744186,1450,Winter,Uso bajo
53,54,23/02/2011,1,0,2,0,3,1,1,9.091299,6.305571,0.245717,42.3043,139,1778,0.078177727784027,1917,Winter,Uso bajo
54,55,24/02/2011,1,0,2,0,4,1,2,12.121732,16.783232,0.289191,69.7391,100,1707,0.05858230814294083,1807,Winter,Uso bajo
55,56,25/02/2011,1,0,2,0,5,1,2,14.938268,23.218113,0.350461,71.2174,120,1341,0.0894854586129754,1461,Winter,Uso bajo
56,57,26/02/2011,1,0,2,0,6,0,1,11.5825,12.500257,0.282192,53.7917,424,1545,0.2744336569579288,1969,Winter,Uso bajo
57,58,27/02/2011,1,0,2,0,0,0,1,14.082598,8.391616,0.351109,68.0,694,1708,0.4063231850117096,2402,Winter,Uso bajo
58,59,28/02/2011,1,0,2,0,1,1,2,16.698193,19.408962,0.400118,87.6364,81,1365,0.05934065934065934,1446,Winter,Uso bajo
59,60,01/03/2011,1,0,3,0,2,1,1,10.933347,14.500475,0.263879,53.5,137,1714,0.07992998833138856,1851,Winter,Uso bajo
60,61,02/03/2011,1,0,3,0,3,1,1,13.735,20.624811,0.320071,44.9583,231,1903,0.12138728323699421,2134,Winter,Uso bajo
61,62,03/03/2011,1,0,3,0,4,1,1,8.131653,15.125518,0.200133,31.8333,123,1562,0.07874519846350832,1685,Winter,Uso bajo
62,63,04/03/2011,1,0,3,0,5,1,2,10.728347,13.624182,0.255679,61.0417,214,1730,0.12369942196531791,1944,Winter,Uso bajo
63,64,05/03/2011,1,0,3,0,6,0,2,15.750847,16.875357,0.378779,78.9167,640,1437,0.4453723034098817,2077,Winter,Uso bajo
64,65,06/03/2011,1,0,3,0,0,0,2,15.437402,23.000229,0.366252,94.8261,114,491,0.23217922606924643,605,Winter,Uso bajo
65,66,07/03/2011,1,0,3,0,1,1,1,10.731299,22.870584,0.238461,55.1304,244,1628,0.14987714987714987,1872,Winter,Uso bajo
66,67,08/03/2011,1,0,3,0,2,1,1,11.9925,8.08355,0.3024,42.0833,316,1817,0.17391304347826086,2133,Winter,Uso bajo
67,68,09/03/2011,1,0,3,0,3,1,2,12.129153,14.75005,0.286608,77.5417,191,1700,0.11235294117647059,1891,Winter,Uso bajo
68,69,10/03/2011,1,0,3,0,4,1,3,15.952731,17.545759,0.385668,0.0,46,577,0.07972270363951472,623,Winter,Uso bajo
69,70,11/03/2011,1,0,3,0,5,1,2,12.977402,15.60899,0.305,64.9565,247,1730,0.14277456647398845,1977,Winter,Uso bajo
70,71,12/03/2011,1,0,3,0,6,0,1,13.495847,14.791925,0.32575,59.4583,724,1408,0.5142045454545454,2132,Winter,Uso bajo
71,72,13/03/2011,1,0,3,0,0,0,1,15.758268,18.130468,0.380091,52.7391,982,1435,0.6843205574912892,2417,Winter,Uso bajo
72,73,14/03/2011,1,0,3,0,1,1,1,13.333897,9.174042,0.332,49.6957,359,1687,0.21280379371665678,2046,Winter,Uso bajo
73,74,15/03/2011,1,0,3,0,2,1,2,13.013031,12.348703,0.318178,65.5652,289,1767,0.16355404640633842,2056,Winter,Uso bajo
74,75,16/03/2011,1,0,3,0,3,1,2,14.973897,13.608839,0.36693,77.6522,321,1871,0.17156600748262962,2192,Winter,Uso bajo
75,76,17/03/2011,1,0,3,0,4,1,1,17.015,14.041793,0.410333,60.2917,424,2320,0.18275862068965518,2744,Winter,Uso medio
76,77,18/03/2011,1,0,3,0,5,1,1,22.14,15.478139,0.527009,52.5217,884,2355,0.3753715498938429,3239,Winter,Uso medio
77,78,19/03/2011,1,0,3,0,6,0,1,19.3725,24.667189,0.466525,37.9167,1424,1693,0.8411104548139398,3117,Winter,Uso medio
78,79,20/03/2011,1,0,3,0,0,0,1,13.6325,13.917307,0.32575,47.375,1047,1424,0.735252808988764,2471,Winter,Uso bajo
79,80,21/03/2011,2,0,3,0,1,1,2,17.647835,19.348461,0.409735,73.7391,401,1676,0.2392601431980907,2077,Spring,Uso bajo
80,81,22/03/2011,2,0,3,0,2,1,1,18.108347,15.12525,0.440642,62.4583,460,2243,0.2050824788230049,2703,Spring,Uso medio
81,82,23/03/2011,2,0,3,0,3,1,2,14.225237,15.695487,0.337939,83.9565,203,1918,0.10583941605839416,2121,Spring,Uso bajo
82,83,24/03/2011,2,0,3,0,4,1,2,11.685,16.333729,0.270833,80.5833,166,1699,0.09770453207769277,1865,Spring,Uso bajo
83,84,25/03/2011,2,0,3,0,5,1,1,10.830847,15.458575,0.256312,49.5,300,1910,0.15706806282722513,2210,Spring,Uso bajo
84,85,26/03/2011,2,0,3,0,6,0,1,10.899153,14.041257,0.257571,39.4167,981,1515,0.6475247524752475,2496,Spring,Uso bajo
85,86,27/03/2011,2,0,3,0,0,0,2,10.374763,12.3481,0.250339,49.3913,472,1221,0.38656838656838655,1693,Spring,Uso bajo
86,87,28/03/2011,2,0,3,0,1,1,1,10.838268,14.217668,0.257574,30.2174,222,1806,0.12292358803986711,2028,Spring,Uso bajo
87,88,29/03/2011,2,0,3,0,2,1,1,12.4025,15.208732,0.292908,31.4167,317,2108,0.15037950664136623,2425,Spring,Uso bajo
88,89,30/03/2011,2,0,3,0,3,1,2,12.3,11.583496,0.29735,64.6667,168,1368,0.12280701754385964,1536,Spring,Uso bajo
89,90,31/03/2011,2,0,3,0,4,1,3,11.001653,14.582282,0.257575,91.8333,179,1506,0.11885790172642763,1685,Spring,Uso bajo
90,91,01/04/2011,2,0,4,0,5,1,2,12.3,17.333436,0.283454,68.625,307,1920,0.15989583333333332,2227,Spring,Uso bajo
91,92,02/04/2011,2,0,4,0,6,0,2,12.915,13.208782,0.315637,65.375,898,1354,0.6632200886262924,2252,Spring,Uso bajo
92,93,03/04/2011,2,0,4,0,0,0,1,15.511653,12.208271,0.378767,48.0,1651,1598,1.0331664580725908,3249,Spring,Uso medio
93,94,04/04/2011,2,0,4,0,1,1,1,23.506653,25.833257,0.542929,42.625,734,2381,0.30827383452330953,3115,Spring,Uso medio
94,95,05/04/2011,2,0,4,0,2,1,2,16.980847,26.000489,0.39835,64.2083,167,1628,0.10257985257985258,1795,Spring,Uso bajo
95,96,06/04/2011,2,0,4,0,3,1,1,16.024153,17.625221,0.387608,47.0833,413,2395,0.17244258872651358,2808,Spring,Uso medio
96,97,07/04/2011,2,0,4,0,4,1,1,17.9375,10.874904,0.433696,60.2917,571,2570,0.22217898832684824,3141,Spring,Uso medio
97,98,08/04/2011,2,0,4,0,5,1,2,13.769153,15.208464,0.324479,83.625,172,1299,0.13240954580446498,1471,Spring,Uso bajo
98,99,09/04/2011,2,0,4,0,6,0,2,14.0425,8.916561,0.341529,87.75,879,1576,0.557741116751269,2455,Spring,Uso bajo
99,100,10/04/2011,2,0,4,0,0,0,2,17.493347,9.833389,0.426737,85.75,1188,1707,0.6959578207381371,2895,Spring,Uso medio
100,101,11/04/2011,2,0,4,0,1,1,2,24.421732,21.739758,0.565217,71.6956,855,2493,0.34296028880866425,3348,Spring,Uso medio
101,102,12/04/2011,2,0,4,0,2,1,2,20.6025,18.416893,0.493054,73.9167,257,1777,0.144625773776027,2034,Spring,Uso bajo
102,103,13/04/2011,2,0,4,0,3,1,2,16.9125,16.791339,0.417283,81.9167,209,1953,0.10701484895033282,2162,Spring,Uso bajo
103,104,14/04/2011,2,0,4,0,4,1,1,19.1675,7.4169,0.462742,54.0417,529,2738,0.19320672023374727,3267,Spring,Uso medio
104,105,15/04/2011,2,0,4,1,5,0,1,18.313347,15.167125,0.441913,67.125,642,2484,0.2584541062801932,3126,Spring,Uso medio
105,106,16/04/2011,2,0,4,0,6,0,3,17.664153,22.834136,0.425492,88.8333,121,674,0.1795252225519288,795,Spring,Uso bajo
106,107,17/04/2011,2,0,4,0,0,0,1,18.723347,20.334232,0.445696,47.9583,1558,2186,0.7127172918572735,3744,Spring,Uso medio
107,108,18/04/2011,2,0,4,0,1,1,1,21.0125,10.958989,0.503146,54.25,669,2760,0.24239130434782608,3429,Spring,Uso medio
108,109,19/04/2011,2,0,4,0,2,1,2,20.739153,10.584057,0.489258,66.5833,409,2795,0.14633273703041144,3204,Spring,Uso medio
109,110,20/04/2011,2,0,4,0,3,1,1,24.395,16.208975,0.564392,61.4167,613,3331,0.1840288201741219,3944,Spring,Uso medio
110,111,21/04/2011,2,0,4,0,4,1,1,18.825847,21.792286,0.453892,40.7083,745,3444,0.21631823461091754,4189,Spring,Uso medio
111,112,22/04/2011,2,0,4,0,5,1,2,13.803347,14.707907,0.321954,72.9583,177,1506,0.11752988047808766,1683,Spring,Uso bajo
112,113,23/04/2011,2,0,4,0,6,0,2,18.86,15.458575,0.450121,88.7917,1462,2574,0.567987567987568,4036,Spring,Uso medio
113,114,24/04/2011,2,0,4,0,0,0,2,23.848347,12.875725,0.551763,81.0833,1710,2481,0.6892382103990327,4191,Spring,Uso medio
114,115,25/04/2011,2,0,4,0,1,1,1,24.873347,12.417311,0.5745,77.6667,773,3300,0.23424242424242425,4073,Spring,Uso medio
115,116,26/04/2011,2,0,4,0,2,1,1,25.898347,21.8755,0.594083,72.9167,678,3722,0.18216012896292316,4400,Spring,Uso medio
116,117,27/04/2011,2,0,4,0,3,1,2,25.42,20.9174,0.575142,83.5417,547,3325,0.16451127819548872,3872,Spring,Uso medio
117,118,28/04/2011,2,0,4,0,4,1,2,25.3175,21.500836,0.578929,70.0833,569,3489,0.16308397821725423,4058,Spring,Uso medio
118,119,29/04/2011,2,0,4,0,5,1,1,20.91,16.084221,0.497463,45.7083,878,3717,0.23621199892386333,4595,Spring,Uso medio
119,120,30/04/2011,2,0,4,0,6,0,1,19.3725,15.750025,0.464021,50.3333,1965,3347,0.5870929190319689,5312,Spring,Uso medio
120,121,01/05/2011,2,0,5,0,0,0,2,18.518347,7.125718,0.448204,76.2083,1138,2213,0.5142340713962946,3351,Spring,Uso medio
121,122,02/05/2011,2,0,5,0,1,1,2,22.515847,12.291418,0.532833,73.0,847,3554,0.23832301631963984,4401,Spring,Uso medio
122,123,03/05/2011,2,0,5,0,2,1,2,25.283347,22.958689,0.582079,69.7083,603,3848,0.1567047817047817,4451,Spring,Uso medio
123,124,04/05/2011,2,0,5,0,3,1,2,16.980847,22.042732,0.40465,73.7083,255,2378,0.10723296888141295,2633,Spring,Uso medio
124,125,05/05/2011,2,0,5,0,4,1,1,18.825847,19.791264,0.441917,44.4167,614,3819,0.16077507200837915,4433,Spring,Uso medio
125,126,06/05/2011,2,0,5,0,5,1,1,19.645847,15.292482,0.474117,59.0,894,3714,0.2407108239095315,4608,Spring,Uso medio
126,127,07/05/2011,2,0,5,0,6,0,1,21.32,10.75015,0.512621,54.125,1612,3102,0.5196647324306899,4714,Spring,Uso medio
127,128,08/05/2011,2,0,5,0,0,0,1,21.661653,5.0007125,0.518933,63.1667,1401,2932,0.47783083219645295,4333,Spring,Uso medio
128,129,09/05/2011,2,0,5,0,1,1,1,21.8325,11.792,0.525246,58.875,664,3698,0.1795565170362358,4362,Spring,Uso medio
129,130,10/05/2011,2,0,5,0,2,1,1,21.8325,7.749957,0.522721,48.9167,694,4109,0.16889754198101728,4803,Spring,Uso medio
130,131,11/05/2011,2,0,5,0,3,1,1,22.2425,8.083014,0.5284,63.2917,550,3632,0.15143171806167402,4182,Spring,Uso medio
131,132,12/05/2011,2,0,5,0,4,1,1,21.935,12.707689,0.523363,74.75,695,4169,0.16670664427920365,4864,Spring,Uso medio
132,133,13/05/2011,2,0,5,0,5,1,2,21.0125,12.041575,0.4943,86.3333,692,3413,0.2027541752124231,4105,Spring,Uso medio
133,134,14/05/2011,2,0,5,0,6,0,2,21.354153,9.04165,0.500629,92.25,902,2507,0.35979258077383325,3409,Spring,Uso medio
134,135,15/05/2011,2,0,5,0,0,0,2,23.0625,10.249593,0.536,86.7083,1582,2971,0.5324806462470548,4553,Spring,Uso medio
135,136,16/05/2011,2,0,5,0,1,1,1,23.6775,8.500357,0.550512,78.7917,773,3185,0.24270015698587127,3958,Spring,Uso medio
136,137,17/05/2011,2,0,5,0,2,1,2,23.028347,18.582718,0.538529,83.7917,678,3445,0.19680696661828737,4123,Spring,Uso medio
137,138,18/05/2011,2,0,5,0,3,1,2,22.55,13.499964,0.527158,87.0,536,3319,0.16149442603193734,3855,Spring,Uso medio
138,139,19/05/2011,2,0,5,0,4,1,2,21.764153,7.250271,0.510742,82.9583,735,3840,0.19140625,4575,Spring,Uso medio
139,140,20/05/2011,2,0,5,0,5,1,1,22.003347,8.375871,0.529042,71.9583,909,4008,0.22679640718562874,4917,Spring,Uso medio
140,141,21/05/2011,2,0,5,0,6,0,1,24.7025,8.08355,0.571975,62.6667,2258,3547,0.6365943050465181,5805,Spring,Uso medio
141,142,22/05/2011,2,0,5,0,0,0,1,24.770847,9.916536,0.5745,74.9583,1576,3084,0.5110246433203631,4660,Spring,Uso medio
142,143,23/05/2011,2,0,5,0,1,1,2,25.898347,15.667414,0.590296,81.0,836,3438,0.24316463059918558,4274,Spring,Uso medio
143,144,24/05/2011,2,0,5,0,2,1,2,27.06,13.875164,0.604813,74.0833,659,3833,0.17192799373858597,4492,Spring,Uso medio
144,145,25/05/2011,2,0,5,0,3,1,1,27.094153,10.333611,0.615542,69.625,740,4238,0.1746106654082114,4978,Spring,Uso medio
145,146,26/05/2011,2,0,5,0,4,1,1,29.041653,13.376014,0.654688,67.75,758,3919,0.19341668793059455,4677,Spring,Uso medio
146,147,27/05/2011,2,0,5,0,5,1,1,27.948347,16.125493,0.637008,65.375,871,3808,0.22872899159663865,4679,Spring,Uso medio
147,148,28/05/2011,2,0,5,0,6,0,1,26.889153,15.416164,0.612379,72.9583,2001,2757,0.7257889009793254,4758,Spring,Uso medio
148,149,29/05/2011,2,0,5,0,0,0,1,27.3675,14.333846,0.61555,81.875,2355,2433,0.967940813810111,4788,Spring,Uso medio
149,150,30/05/2011,2,0,5,1,1,0,1,30.066653,8.792075,0.671092,68.5,1549,2549,0.6076892899176147,4098,Spring,Uso medio
150,151,31/05/2011,2,0,5,0,2,1,1,31.775,7.459043,0.725383,63.6667,673,3309,0.20338470837110909,3982,Spring,Uso medio
151,152,01/06/2011,2,0,6,0,3,1,2,31.330847,13.875164,0.720967,67.7083,513,3461,0.14822305691996532,3974,Spring,Uso medio
152,153,02/06/2011,2,0,6,0,4,1,1,29.315,19.583229,0.643942,30.5,736,4232,0.17391304347826086,4968,Spring,Uso medio
153,154,03/06/2011,2,0,6,0,5,1,1,25.42,16.959107,0.587133,35.4167,898,4414,0.20344358858178524,5312,Spring,Uso medio
154,155,04/06/2011,2,0,6,0,6,0,1,26.035,8.250514,0.594696,45.625,1869,3473,0.5381514540742873,5342,Spring,Uso medio
155,156,05/06/2011,2,0,6,0,0,0,2,26.581653,9.292364,0.616804,65.25,1685,3221,0.5231294628997206,4906,Spring,Uso medio
156,157,06/06/2011,2,0,6,0,1,1,1,27.811653,8.167032,0.621858,60.0,673,3875,0.1736774193548387,4548,Spring,Uso medio
157,158,07/06/2011,2,0,6,0,2,1,1,29.0075,12.583136,0.65595,59.7917,763,4070,0.18746928746928748,4833,Spring,Uso medio
158,159,08/06/2011,2,0,6,0,3,1,1,31.809153,9.166739,0.727279,62.2083,676,3725,0.1814765100671141,4401,Spring,Uso medio
159,160,09/06/2011,2,0,6,0,4,1,2,33.141653,10.042161,0.757579,56.8333,563,3352,0.16795942720763724,3915,Spring,Uso medio
160,161,10/06/2011,2,0,6,0,5,1,1,30.955,9.417118,0.703292,60.5,815,3771,0.21612304428533546,4586,Spring,Uso medio
161,162,11/06/2011,2,0,6,0,6,0,1,29.725,10.37495,0.678038,65.4583,1729,3237,0.5341365461847389,4966,Spring,Uso medio
162,163,12/06/2011,2,0,6,0,0,0,1,28.3925,10.958989,0.643325,74.7917,1467,2993,0.49014366855997327,4460,Spring,Uso medio
163,164,13/06/2011,2,0,6,0,1,1,1,26.035,20.45845,0.601654,49.4583,863,4157,0.2076016357950445,5020,Spring,Uso medio
164,165,14/06/2011,2,0,6,0,2,1,1,24.770847,18.041961,0.591546,50.7083,727,4164,0.17459173871277617,4891,Spring,Uso medio
165,166,15/06/2011,2,0,6,0,3,1,1,25.693347,11.250104,0.587754,47.1667,769,4411,0.17433688506007708,5180,Spring,Uso medio
166,167,16/06/2011,2,0,6,0,4,1,2,25.761653,13.833557,0.595346,68.8333,545,3222,0.1691495965238982,3767,Spring,Uso medio
167,168,17/06/2011,2,0,6,0,5,1,1,26.615847,9.582943,0.600383,73.5833,863,3981,0.2167797035920623,4844,Spring,Uso medio
168,169,18/06/2011,2,0,6,0,6,0,1,28.563347,8.000336,0.643954,67.0417,1807,3312,0.5455917874396136,5119,Spring,Uso medio
169,170,19/06/2011,2,0,6,0,0,0,2,28.665847,6.834,0.645846,66.6667,1639,3105,0.5278582930756843,4744,Spring,Uso medio
170,171,20/06/2011,2,0,6,0,1,1,2,26.035,10.416825,0.595346,74.625,699,3311,0.21111446692842042,4010,Spring,Uso medio
171,172,21/06/2011,3,0,6,0,2,1,2,27.914153,11.458675,0.637646,77.0417,774,4061,0.19059344988918986,4835,Summer,Uso medio
172,173,22/06/2011,3,0,6,0,3,1,1,30.066653,11.541554,0.693829,70.75,661,3846,0.17186687467498699,4507,Summer,Uso medio
173,174,23/06/2011,3,0,6,0,4,1,2,29.861653,15.999868,0.693833,70.3333,746,4044,0.18447082096933728,4790,Summer,Uso medio
174,175,24/06/2011,3,0,6,0,5,1,1,29.690847,14.875675,0.656583,57.3333,969,4022,0.2409249129786176,4991,Summer,Uso medio
175,176,25/06/2011,3,0,6,0,6,0,1,28.495,14.041257,0.643313,48.3333,1782,3420,0.5210526315789473,5202,Summer,Uso medio
176,177,26/06/2011,3,0,6,0,0,0,1,27.88,6.3337311,0.637629,51.3333,1920,3385,0.5672082717872969,5305,Summer,Uso medio
177,178,27/06/2011,3,0,6,0,1,1,2,27.9825,7.208396,0.637004,65.8333,854,3854,0.22158796056045668,4708,Summer,Uso medio
178,179,28/06/2011,3,0,6,0,2,1,1,30.510847,9.666961,0.692558,63.4167,732,3916,0.18692543411644535,4648,Summer,Uso medio
179,180,29/06/2011,3,0,6,0,3,1,1,29.861653,17.542007,0.654688,49.7917,848,4377,0.19374000456933974,5225,Summer,Uso medio
180,181,30/06/2011,3,0,6,0,4,1,1,28.563347,12.415904,0.637008,43.4167,1027,4488,0.22883244206773617,5515,Summer,Uso medio
181,182,01/07/2011,3,0,7,0,5,1,1,29.6225,6.874736,0.652162,39.625,1246,4116,0.30272108843537415,5362,Summer,Uso medio
182,183,02/07/2011,3,0,7,0,6,0,1,30.271653,7.709154,0.667308,44.4583,2204,2915,0.7560891938250429,5119,Summer,Uso medio
183,184,03/07/2011,3,0,7,0,0,0,2,29.383347,15.333486,0.668575,68.25,2282,2367,0.9640895648500212,4649,Summer,Uso medio
184,185,04/07/2011,3,0,7,1,1,0,2,29.793347,5.4591064,0.665417,63.7917,3065,2978,1.0292142377434519,6043,Summer,Uso medio
185,186,05/07/2011,3,0,7,0,2,1,1,30.613347,8.459286,0.696338,59.0417,1031,3634,0.2837094111172262,4665,Summer,Uso medio
186,187,06/07/2011,3,0,7,0,3,1,1,29.52,10.042161,0.685633,74.3333,784,3845,0.20390117035110533,4629,Summer,Uso medio
187,188,07/07/2011,3,0,7,0,4,1,1,30.75,10.6664,0.686871,65.125,754,3838,0.19645648775403857,4592,Summer,Uso medio
188,189,08/07/2011,3,0,7,0,5,1,2,29.075847,15.083643,0.670483,75.7917,692,3348,0.2066905615292712,4040,Summer,Uso medio
189,190,09/07/2011,3,0,7,0,6,0,1,30.066653,11.250104,0.664158,60.9167,1988,3348,0.5937873357228196,5336,Summer,Uso medio
190,191,10/07/2011,3,0,7,0,0,0,1,30.6475,12.292557,0.690025,57.8333,1743,3138,0.5554493307839388,4881,Summer,Uso medio
191,192,11/07/2011,3,0,7,0,1,1,1,31.2625,18.916579,0.729804,63.5833,723,3363,0.2149866190900981,4086,Summer,Uso medio
192,193,12/07/2011,3,0,7,0,2,1,1,32.560847,13.417018,0.739275,55.9167,662,3596,0.18409343715239154,4258,Summer,Uso medio
193,194,13/07/2011,3,0,7,0,3,1,1,30.613347,9.790911,0.689404,63.1667,748,3594,0.20812465219810797,4342,Summer,Uso medio
194,195,14/07/2011,3,0,7,0,4,1,1,27.914153,16.124689,0.635104,47.625,888,4196,0.21163012392755004,5084,Summer,Uso medio
195,196,15/07/2011,3,0,7,0,5,1,1,27.196653,12.249811,0.624371,59.125,1318,4220,0.3123222748815166,5538,Summer,Uso medio
196,197,16/07/2011,3,0,7,0,6,0,1,28.153347,13.958914,0.638263,58.5,2418,3505,0.6898716119828816,5923,Summer,Uso medio
197,198,17/07/2011,3,0,7,0,0,0,1,29.485847,16.417211,0.669833,60.4167,2006,3296,0.6086165048543689,5302,Summer,Uso medio
198,199,18/07/2011,3,0,7,0,1,1,1,30.613347,14.458868,0.703925,65.125,841,3617,0.23251313243019076,4458,Summer,Uso medio
199,200,19/07/2011,3,0,7,0,2,1,1,31.843347,8.7502,0.747479,65.0417,752,3789,0.19846925310108207,4541,Summer,Uso medio
200,201,20/07/2011,3,0,7,0,3,1,1,31.501653,7.625739,0.74685,70.7083,644,3688,0.17462039045553146,4332,Summer,Uso medio
201,202,21/07/2011,3,0,7,0,4,1,2,33.415,14.875407,0.826371,69.125,632,3152,0.20050761421319796,3784,Summer,Uso medio
202,203,22/07/2011,3,0,7,0,5,1,1,34.781653,8.9177,0.840896,58.0417,562,2825,0.19893805309734514,3387,Summer,Uso medio
203,204,23/07/2011,3,0,7,0,6,0,1,34.815847,8.791807,0.804287,50.0,987,2298,0.42950391644908614,3285,Summer,Uso medio
204,205,24/07/2011,3,0,7,0,0,0,1,34.03,11.334457,0.794829,55.0833,1050,2556,0.4107981220657277,3606,Summer,Uso medio
205,206,25/07/2011,3,0,7,0,1,1,1,30.476653,6.0841561,0.720958,75.7083,568,3272,0.17359413202933985,3840,Summer,Uso medio
206,207,26/07/2011,3,0,7,0,2,1,1,31.638347,13.417286,0.696979,54.0833,750,3840,0.1953125,4590,Summer,Uso medio
207,208,27/07/2011,3,0,7,0,3,1,1,31.775,12.292021,0.690667,40.2917,755,3901,0.19354011791848244,4656,Summer,Uso medio
208,209,28/07/2011,3,0,7,0,4,1,1,31.945847,11.958093,0.7399,58.3333,606,3784,0.1601479915433404,4390,Summer,Uso medio
209,210,29/07/2011,3,0,7,0,5,1,1,34.371653,11.667246,0.785967,54.25,670,3176,0.21095717884130982,3846,Summer,Uso medio
210,211,30/07/2011,3,0,7,0,6,0,1,32.970847,11.291979,0.728537,46.5833,1559,2916,0.5346364883401921,4475,Summer,Uso medio
211,212,31/07/2011,3,0,7,0,0,0,1,33.039153,11.042471,0.729796,48.0833,1524,2778,0.5485961123110151,4302,Summer,Uso medio
212,213,01/08/2011,3,0,8,0,1,1,1,31.638347,10.500039,0.703292,55.0833,729,3537,0.20610687022900764,4266,Summer,Uso medio
213,214,02/08/2011,3,0,8,0,2,1,1,32.116653,13.79195,0.707071,49.125,801,4044,0.1980712166172107,4845,Summer,Uso medio
214,215,03/08/2011,3,0,8,0,3,1,2,29.998347,9.084061,0.679937,65.75,467,3107,0.15030576118442227,3574,Summer,Uso medio
215,216,04/08/2011,3,0,8,0,4,1,2,29.11,13.20905,0.664788,75.75,799,3777,0.21154355308445857,4576,Summer,Uso medio
216,217,05/08/2011,3,0,8,0,5,1,1,29.144153,12.374632,0.656567,63.0833,1023,3843,0.26619828259172523,4866,Summer,Uso medio
217,218,06/08/2011,3,0,8,0,6,0,2,29.383347,15.29275,0.676154,75.5,1521,2773,0.5485034258925352,4294,Summer,Uso medio
218,219,07/08/2011,3,0,8,0,0,0,1,30.4425,13.499629,0.715292,75.2917,1298,2487,0.521913952553277,3785,Summer,Uso medio
219,220,08/08/2011,3,0,8,0,1,1,1,31.365,12.875725,0.703283,59.2083,846,3480,0.24310344827586206,4326,Summer,Uso medio
220,221,09/08/2011,3,0,8,0,2,1,1,31.775,10.125107,0.724121,57.0417,907,3695,0.24546684709066305,4602,Summer,Uso medio
221,222,10/08/2011,3,0,8,0,3,1,1,31.433347,13.417286,0.684983,42.4167,884,3896,0.2268993839835729,4780,Summer,Uso medio
222,223,11/08/2011,3,0,8,0,4,1,1,29.4175,11.041332,0.651521,42.375,812,3980,0.20402010050251257,4792,Summer,Uso medio
223,224,12/08/2011,3,0,8,0,5,1,1,29.041653,8.416607,0.654042,41.5,1051,3854,0.27270368448365334,4905,Summer,Uso medio
224,225,13/08/2011,3,0,8,0,6,0,2,28.119153,14.167418,0.645858,72.9583,1504,2646,0.5684051398337112,4150,Summer,Uso medio
225,226,14/08/2011,3,0,8,0,0,0,2,27.743347,14.916411,0.624388,81.75,1338,2482,0.5390813859790492,3820,Summer,Uso medio
226,227,15/08/2011,3,0,8,0,1,1,1,27.299153,13.999918,0.616167,71.2083,775,3563,0.2175133314622509,4338,Summer,Uso medio
227,228,16/08/2011,3,0,8,0,2,1,1,28.734153,15.834043,0.645837,57.8333,721,4004,0.18006993006993008,4725,Summer,Uso medio
228,229,17/08/2011,3,0,8,0,3,1,1,29.656653,9.625689,0.666671,57.5417,668,4026,0.16592151018380527,4694,Summer,Uso medio
229,230,18/08/2011,3,0,8,0,4,1,1,29.178347,15.624936,0.662258,65.4583,639,3166,0.2018319646241314,3805,Summer,Uso medio
230,231,19/08/2011,3,0,8,0,5,1,2,28.085,9.333636,0.633221,72.2917,797,3356,0.23748510131108463,4153,Summer,Uso medio
231,232,20/08/2011,3,0,8,0,6,0,1,28.5975,6.999289,0.648996,67.4167,1914,3277,0.584070796460177,5191,Summer,Uso medio
232,233,21/08/2011,3,0,8,0,0,0,1,29.144153,16.666518,0.675525,77.0,1249,2624,0.4759908536585366,3873,Summer,Uso medio
233,234,22/08/2011,3,0,8,0,1,1,1,28.358347,18.54225,0.638254,47.0,833,3925,0.21222929936305732,4758,Summer,Uso medio
234,235,23/08/2011,3,0,8,0,2,1,1,26.274153,9.833121,0.606067,45.5417,1281,4614,0.2776332899869961,5895,Summer,Uso medio
235,236,24/08/2011,3,0,8,0,3,1,1,27.606653,16.958236,0.630692,60.5,949,4181,0.2269791915809615,5130,Summer,Uso medio
236,237,25/08/2011,3,0,8,0,4,1,2,28.050847,14.125811,0.645854,77.1667,435,3107,0.1400064370775668,3542,Summer,Uso medio
237,238,26/08/2011,3,0,8,0,5,1,1,28.7,5.6254875,0.659733,76.125,768,3893,0.1972771641407655,4661,Summer,Uso medio
238,239,27/08/2011,3,0,8,0,6,0,2,27.88,25.166339,0.635556,85.0,226,889,0.2542182227221597,1115,Summer,Uso bajo
239,240,28/08/2011,3,0,8,0,0,0,1,28.989419,20.412153,0.647959,56.1765,1415,2919,0.48475505310037686,4334,Summer,Uso medio
240,241,29/08/2011,3,0,8,0,1,1,1,26.103347,10.708275,0.607958,55.4583,729,3905,0.18668373879641487,4634,Summer,Uso medio
241,242,30/08/2011,3,0,8,0,2,1,1,26.205847,8.375536,0.594704,54.8333,775,4429,0.17498306615488823,5204,Summer,Uso medio
242,243,31/08/2011,3,0,8,0,3,1,1,26.923347,5.5833311,0.611121,59.7917,688,4370,0.1574370709382151,5058,Summer,Uso medio
243,244,01/09/2011,3,0,9,0,4,1,1,26.855,9.500332,0.614921,63.9167,783,4332,0.18074792243767313,5115,Summer,Uso medio
244,245,02/09/2011,3,0,9,0,5,1,2,26.376653,9.375243,0.604808,72.7083,875,3852,0.22715472481827623,4727,Summer,Uso medio
245,246,03/09/2011,3,0,9,0,6,0,1,27.435847,12.416775,0.633213,71.6667,1935,2549,0.7591212240094155,4484,Summer,Uso medio
246,247,04/09/2011,3,0,9,0,0,0,1,29.075847,13.833289,0.665429,74.2083,2521,2419,1.0421661843737082,4940,Summer,Uso medio
247,248,05/09/2011,3,0,9,1,1,0,2,27.606653,14.250632,0.625646,79.0417,1236,2115,0.5843971631205673,3351,Summer,Uso medio
248,249,06/09/2011,3,0,9,0,2,1,3,22.14,23.044181,0.5152,88.6957,204,2506,0.08140462889066241,2710,Summer,Uso medio
249,250,07/09/2011,3,0,9,0,3,1,3,24.565847,6.5003936,0.544229,91.7083,118,1878,0.06283280085197018,1996,Summer,Uso bajo
250,251,08/09/2011,3,0,9,0,4,1,3,25.990433,12.914116,0.555361,93.9565,153,1689,0.0905861456483126,1842,Summer,Uso bajo
251,252,09/09/2011,3,0,9,0,5,1,2,26.65,8.333393,0.578946,89.7917,417,3127,0.13335465302206587,3544,Summer,Uso medio
252,253,10/09/2011,3,0,9,0,6,0,1,27.06,10.291736,0.607962,75.375,1750,3595,0.48678720445062584,5345,Summer,Uso medio
253,254,11/09/2011,3,0,9,0,0,0,1,26.786653,7.708618,0.609229,71.375,1633,3413,0.47846469381775564,5046,Summer,Uso medio
254,255,12/09/2011,3,0,9,0,1,1,1,26.418268,5.957171,0.60213,69.2174,690,4023,0.1715137956748695,4713,Summer,Uso medio
255,256,13/09/2011,3,0,9,0,2,1,1,26.684153,9.500868,0.603554,71.25,701,4062,0.172575086164451,4763,Summer,Uso medio
256,257,14/09/2011,3,0,9,0,3,1,1,27.606653,11.2091,0.6269,69.7083,647,4138,0.15635572740454326,4785,Summer,Uso medio
257,258,15/09/2011,3,0,9,0,4,1,2,23.6775,18.166782,0.553671,70.9167,428,3231,0.1324667285670071,3659,Summer,Uso medio
258,259,16/09/2011,3,0,9,0,5,1,2,19.235847,11.000261,0.461475,59.0417,742,4018,0.18466898954703834,4760,Summer,Uso medio
259,260,17/09/2011,3,0,9,0,6,0,2,20.158347,12.708225,0.478512,71.8333,1434,3077,0.46603834904127395,4511,Summer,Uso medio
260,261,18/09/2011,3,0,9,0,0,0,1,20.8075,11.958361,0.490537,69.5,1353,2921,0.46319753509072237,4274,Summer,Uso medio
261,262,19/09/2011,3,0,9,0,1,1,2,22.515847,10.166714,0.529675,69.0,691,3848,0.17957380457380456,4539,Summer,Uso medio
262,263,20/09/2011,3,0,9,0,2,1,2,23.028347,9.041918,0.532217,88.125,438,3203,0.13674679987511706,3641,Summer,Uso medio
263,264,21/09/2011,3,0,9,0,3,1,2,24.395,6.4590814,0.550533,90.0,539,3813,0.14135851035929714,4352,Summer,Uso medio
264,265,22/09/2011,3,0,9,0,4,1,2,25.761653,8.584375,0.554963,90.2083,555,4240,0.13089622641509435,4795,Summer,Uso medio
265,266,23/09/2011,4,0,9,0,5,1,2,24.975847,5.2505689,0.522125,97.25,258,2137,0.12072999532054282,2395,Autumn,Uso bajo
266,267,24/09/2011,4,0,9,0,6,0,2,24.873347,5.2516811,0.564412,86.25,1776,3647,0.4869755963805868,5423,Autumn,Uso medio
267,268,25/09/2011,4,0,9,0,0,0,2,26.000847,3.3754064,0.572637,84.5,1544,3466,0.44547028274668204,5010,Autumn,Uso medio
268,269,26/09/2011,4,0,9,0,1,1,2,26.615847,7.4169,0.589042,84.8333,684,3946,0.17334009123162697,4630,Autumn,Uso medio
269,270,27/09/2011,4,0,9,0,2,1,2,26.103347,7.917457,0.574525,88.5417,477,3643,0.13093604172385398,4120,Autumn,Uso medio
270,271,28/09/2011,4,0,9,0,3,1,2,26.035,9.958143,0.575158,84.875,480,3427,0.14006419608987453,3907,Autumn,Uso medio
271,272,29/09/2011,4,0,9,0,4,1,1,25.283347,11.583161,0.574512,69.9167,653,4186,0.15599617773530816,4839,Autumn,Uso medio
272,273,30/09/2011,4,0,9,0,5,1,1,23.130847,13.833825,0.544829,64.75,830,4372,0.1898444647758463,5202,Autumn,Uso medio
273,274,01/10/2011,4,0,10,0,6,0,2,16.81,19.583832,0.412863,75.375,480,1949,0.24628014366341713,2429,Autumn,Uso bajo
274,275,02/10/2011,4,0,10,0,0,0,2,14.623347,14.874871,0.345317,79.1667,616,2302,0.2675933970460469,2918,Autumn,Uso medio
275,276,03/10/2011,4,0,10,0,1,1,2,15.750847,5.5841686,0.392046,76.0833,330,3240,0.10185185185185185,3570,Autumn,Uso medio
276,277,04/10/2011,4,0,10,0,2,1,1,19.850847,13.792218,0.472858,71.0,486,3970,0.12241813602015113,4456,Autumn,Uso medio
277,278,05/10/2011,4,0,10,0,3,1,1,22.071653,11.87575,0.527138,64.7917,559,4267,0.13100539020389032,4826,Autumn,Uso medio
278,279,06/10/2011,4,0,10,0,4,1,1,20.260847,9.041918,0.480425,62.0833,639,4126,0.15487154629180805,4765,Autumn,Uso medio
279,280,07/10/2011,4,0,10,0,5,1,1,20.944153,1.5002439,0.504404,68.4167,949,4036,0.23513379583746283,4985,Autumn,Uso medio
280,281,08/10/2011,4,0,10,0,6,0,1,21.388347,3.0420814,0.513242,70.125,2235,3174,0.7041587901701323,5409,Autumn,Uso medio
281,282,09/10/2011,4,0,10,0,0,0,1,22.174153,4.25115,0.523983,72.75,2397,3114,0.7697495183044316,5511,Autumn,Uso medio
282,283,10/10/2011,4,0,10,1,1,0,1,23.404153,2.8343814,0.542925,73.375,1514,3603,0.4202053844018873,5117,Autumn,Uso medio
283,284,11/10/2011,4,0,10,0,2,1,2,23.233347,9.583814,0.546096,80.875,667,3896,0.1712012320328542,4563,Autumn,Uso medio
284,285,12/10/2011,4,0,10,0,3,1,3,22.276653,16.62605,0.517717,90.625,217,2199,0.098681218735789,2416,Autumn,Uso bajo
285,286,13/10/2011,4,0,10,0,4,1,2,24.155847,9.499729,0.551804,89.6667,290,2623,0.11056042699199391,2913,Autumn,Uso medio
286,287,14/10/2011,4,0,10,0,5,1,2,22.584153,15.000161,0.529675,71.625,529,3115,0.16982343499197433,3644,Autumn,Uso medio
287,288,15/10/2011,4,0,10,0,6,0,1,20.773347,17.291561,0.498725,48.3333,1899,3318,0.5723327305605787,5217,Autumn,Uso medio
288,289,16/10/2011,4,0,10,0,0,0,1,20.978347,18.875039,0.503154,48.6667,1748,3293,0.5308229577892499,5041,Autumn,Uso medio
289,290,17/10/2011,4,0,10,0,1,1,1,21.900847,11.750393,0.510725,57.9583,713,3857,0.18485869847031372,4570,Autumn,Uso medio
290,291,18/10/2011,4,0,10,0,2,1,2,21.8325,7.375829,0.522721,70.1667,637,4111,0.15495013378739966,4748,Autumn,Uso medio
291,292,19/10/2011,4,0,10,0,3,1,3,22.211299,16.303713,0.513848,89.5217,254,2170,0.11705069124423963,2424,Autumn,Uso bajo
292,293,20/10/2011,4,0,10,0,4,1,1,19.509153,28.292425,0.466525,63.625,471,3724,0.1264769065520945,4195,Autumn,Uso medio
293,294,21/10/2011,4,0,10,0,5,1,1,17.5275,14.833532,0.423596,57.4167,676,3628,0.18632855567805953,4304,Autumn,Uso medio
294,295,22/10/2011,4,0,10,0,6,0,1,17.3225,6.2086689,0.425492,62.9167,1499,2809,0.5336418654325382,4308,Autumn,Uso medio
295,296,23/10/2011,4,0,10,0,0,0,1,17.288347,6.6673375,0.422333,74.125,1619,2762,0.5861694424330196,4381,Autumn,Uso medio
296,297,24/10/2011,4,0,10,0,1,1,1,18.996653,7.959064,0.457067,77.2083,699,3488,0.200401376146789,4187,Autumn,Uso medio
297,298,25/10/2011,4,0,10,0,2,1,1,19.338347,11.166086,0.463375,62.2917,695,3992,0.17409819639278556,4687,Autumn,Uso medio
298,299,26/10/2011,4,0,10,0,3,1,2,19.850847,9.959014,0.472846,72.0417,404,3490,0.11575931232091691,3894,Autumn,Uso medio
299,300,27/10/2011,4,0,10,0,4,1,2,19.27,13.250121,0.457046,81.2917,240,2419,0.09921455146754857,2659,Autumn,Uso medio
300,301,28/10/2011,4,0,10,0,5,1,2,13.564153,15.375093,0.318812,58.5833,456,3291,0.13855970829535097,3747,Autumn,Uso medio
301,302,29/10/2011,4,0,10,0,6,0,3,10.420847,23.541857,0.227913,88.25,57,570,0.1,627,Autumn,Uso bajo
302,303,30/10/2011,4,0,10,0,0,0,1,13.085847,11.833339,0.321329,62.375,885,2446,0.3618152085036795,3331,Autumn,Uso medio
303,304,31/10/2011,4,0,10,0,1,1,1,13.94,7.12545,0.356063,70.3333,362,3307,0.10946477169640158,3669,Autumn,Uso medio
304,305,01/11/2011,4,0,11,0,2,1,1,16.434153,9.083257,0.397088,68.375,410,3658,0.11208310552214325,4068,Autumn,Uso medio
305,306,02/11/2011,4,0,11,0,3,1,1,15.4775,5.5001439,0.390133,71.875,370,3816,0.09696016771488469,4186,Autumn,Uso medio
306,307,03/11/2011,4,0,11,0,4,1,1,16.741653,9.166739,0.405921,70.2083,318,3656,0.08698030634573305,3974,Autumn,Uso medio
307,308,04/11/2011,4,0,11,0,5,1,2,16.536653,18.209193,0.403392,62.25,470,3576,0.13143176733780762,4046,Autumn,Uso medio
308,309,05/11/2011,4,0,11,0,6,0,1,13.393347,12.667154,0.323854,51.9167,1156,2770,0.41732851985559566,3926,Autumn,Uso medio
309,310,06/11/2011,4,0,11,0,0,0,1,14.281653,6.1676314,0.362358,73.4583,952,2697,0.3529847979236188,3649,Autumn,Uso medio
310,311,07/11/2011,4,0,11,0,1,1,1,16.195,3.834075,0.400871,75.875,373,3662,0.10185690879300928,4035,Autumn,Uso medio
311,312,08/11/2011,4,0,11,0,2,1,1,16.741653,4.6255125,0.412246,72.1667,376,3829,0.09819796291459912,4205,Autumn,Uso medio
312,313,09/11/2011,4,0,11,0,3,1,1,16.4,4.1671186,0.409079,75.8333,305,3804,0.08017875920084122,4109,Autumn,Uso medio
313,314,10/11/2011,4,0,11,0,4,1,2,15.58,12.667489,0.373721,81.3333,190,2743,0.06926722566532993,2933,Autumn,Uso medio
314,315,11/11/2011,4,0,11,1,5,0,1,13.290847,21.083225,0.306817,44.625,440,2928,0.15027322404371585,3368,Autumn,Uso medio
315,316,12/11/2011,4,0,11,0,6,0,1,14.623347,14.208154,0.357942,55.2917,1275,2792,0.4566618911174785,4067,Autumn,Uso medio
316,317,13/11/2011,4,0,11,0,0,0,1,18.074153,18.875307,0.43055,45.8333,1004,2713,0.37007003317360854,3717,Autumn,Uso medio
317,318,14/11/2011,4,0,11,0,1,1,1,21.73,20.541932,0.524612,58.7083,595,3891,0.15291698792084296,4486,Autumn,Uso medio
318,319,15/11/2011,4,0,11,0,2,1,2,21.73,13.375411,0.507579,68.875,449,3746,0.1198611852642819,4195,Autumn,Uso medio
319,320,16/11/2011,4,0,11,0,3,1,3,18.723347,9.167543,0.451988,93.0,145,1672,0.0867224880382775,1817,Autumn,Uso bajo
320,321,17/11/2011,4,0,11,0,4,1,2,14.008347,20.459254,0.323221,57.5833,139,2914,0.04770075497597804,3053,Autumn,Uso medio
321,322,18/11/2011,4,0,11,0,5,1,1,11.240847,11.291711,0.272721,41.0,245,3147,0.07785192246584048,3392,Autumn,Uso medio
322,323,19/11/2011,4,0,11,0,6,0,1,13.495847,15.041232,0.324483,50.2083,943,2720,0.3466911764705882,3663,Autumn,Uso medio
323,324,20/11/2011,4,0,11,0,0,0,2,18.996653,12.45865,0.457058,68.4583,787,2733,0.2879619465788511,3520,Autumn,Uso medio
324,325,21/11/2011,4,0,11,0,1,1,3,18.3475,9.249618,0.445062,91.0,220,2545,0.08644400785854617,2765,Autumn,Uso medio
325,326,22/11/2011,4,0,11,0,2,1,3,17.083347,7.959064,0.421696,96.25,69,1538,0.044863459037711315,1607,Autumn,Uso bajo
326,327,23/11/2011,4,0,11,0,3,1,2,18.074153,22.500275,0.430537,75.7917,112,2454,0.045639771801140996,2566,Autumn,Uso bajo
327,328,24/11/2011,4,0,11,1,4,0,1,15.306653,11.209368,0.372471,54.9167,560,935,0.5989304812834224,1495,Autumn,Uso bajo
328,329,25/11/2011,4,0,11,0,5,1,1,15.375,6.6260186,0.380671,64.375,1095,1697,0.6452563347083088,2792,Autumn,Uso medio
329,330,26/11/2011,4,0,11,0,6,0,1,15.409153,4.5841936,0.385087,68.1667,1249,1819,0.6866410115448048,3068,Autumn,Uso medio
330,331,27/11/2011,4,0,11,0,0,0,1,18.825847,13.999918,0.4558,69.8333,810,2261,0.3582485625829279,3071,Autumn,Uso medio
331,332,28/11/2011,4,0,11,0,1,1,1,20.642598,9.522174,0.490122,74.3043,253,3614,0.070005534034311,3867,Autumn,Uso medio
332,333,29/11/2011,4,0,11,0,2,1,2,18.791653,17.292164,0.451375,83.0833,96,2818,0.034066713981547196,2914,Autumn,Uso medio
333,334,30/11/2011,4,0,11,0,3,1,1,13.325,18.167586,0.311221,61.3333,188,3425,0.05489051094890511,3613,Autumn,Uso medio
334,335,01/12/2011,4,0,12,0,4,1,1,12.8125,14.750586,0.305554,52.4583,182,3545,0.051339915373765865,3727,Autumn,Uso medio
335,336,02/12/2011,4,0,12,0,5,1,1,12.880847,6.750518,0.331433,62.5833,268,3672,0.07298474945533769,3940,Autumn,Uso medio
336,337,03/12/2011,4,0,12,0,6,0,1,12.265847,6.4174811,0.310604,61.2917,706,2908,0.24277854195323245,3614,Autumn,Uso medio
337,338,04/12/2011,4,0,12,0,0,0,1,13.564153,5.6252061,0.3491,77.5833,634,2851,0.22237811294282708,3485,Autumn,Uso medio
338,339,05/12/2011,4,0,12,0,1,1,2,15.819153,4.1679561,0.393925,82.7083,233,3578,0.06512017887087758,3811,Autumn,Uso medio
339,340,06/12/2011,4,0,12,0,2,1,3,18.9625,15.583061,0.4564,94.9583,126,2468,0.051053484602917344,2594,Autumn,Uso medio
340,341,07/12/2011,4,0,12,0,3,1,3,16.81,17.833725,0.400246,97.0417,50,655,0.07633587786259542,705,Autumn,Uso bajo
341,342,08/12/2011,4,0,12,0,4,1,1,10.899153,16.083886,0.256938,58.0,150,3172,0.04728877679697352,3322,Autumn,Uso medio
342,343,09/12/2011,4,0,12,0,5,1,1,11.924153,5.5420189,0.317542,69.5833,261,3359,0.07770169693361119,3620,Autumn,Uso medio
343,344,10/12/2011,4,0,12,0,6,0,1,11.275,15.625807,0.266412,50.75,502,2688,0.18675595238095238,3190,Autumn,Uso medio
344,345,11/12/2011,4,0,12,0,0,0,1,9.054153,4.4582939,0.253154,49.0,377,2366,0.15934065934065933,2743,Autumn,Uso medio
345,346,12/12/2011,4,0,12,0,1,1,1,9.771653,4.25115,0.270196,67.0833,143,3167,0.04515314177455005,3310,Autumn,Uso medio
346,347,13/12/2011,4,0,12,0,2,1,1,11.5825,9.41685,0.301138,59.0,155,3368,0.04602137767220903,3523,Autumn,Uso medio
347,348,14/12/2011,4,0,12,0,3,1,2,13.0175,4.0842061,0.338362,66.375,178,3562,0.04997192588433464,3740,Autumn,Uso medio
348,349,15/12/2011,4,0,12,0,4,1,2,17.3225,17.958814,0.412237,63.4167,181,3528,0.051303854875283446,3709,Autumn,Uso medio
349,350,16/12/2011,4,0,12,0,5,1,2,15.375,17.458525,0.359825,50.0417,178,3399,0.052368343630479555,3577,Autumn,Uso medio
350,351,17/12/2011,4,0,12,0,6,0,2,10.591653,16.292189,0.249371,56.0833,275,2464,0.11160714285714286,2739,Autumn,Uso medio
351,352,18/12/2011,4,0,12,0,0,0,1,9.771653,11.375193,0.245579,58.625,220,2211,0.09950248756218906,2431,Autumn,Uso bajo
352,353,19/12/2011,4,0,12,0,1,1,1,11.343347,11.584032,0.280933,63.75,260,3143,0.08272351256761057,3403,Autumn,Uso medio
353,354,20/12/2011,4,0,12,0,2,1,2,15.819153,4.1252436,0.396454,59.5417,216,3534,0.06112054329371817,3750,Autumn,Uso medio
354,355,21/12/2011,1,0,12,0,3,1,2,17.561653,14.8338,0.428017,85.8333,107,2553,0.04191147669408539,2660,Winter,Uso medio
355,356,22/12/2011,1,0,12,0,4,1,2,17.356653,3.167425,0.426121,75.75,227,2841,0.07990144315381907,3068,Winter,Uso medio
356,357,23/12/2011,1,0,12,0,5,1,1,15.306653,18.374482,0.377513,68.625,163,2046,0.07966764418377321,2209,Winter,Uso bajo
357,358,24/12/2011,1,0,12,0,6,0,1,12.4025,12.750368,0.299242,54.25,155,856,0.1810747663551402,1011,Winter,Uso bajo
358,359,25/12/2011,1,0,12,0,0,0,1,11.266103,10.391097,0.279961,68.1304,303,451,0.6718403547671841,754,Winter,Uso bajo
359,360,26/12/2011,1,0,12,1,1,0,1,13.191299,16.044155,0.315535,50.6957,430,887,0.48478015783540024,1317,Winter,Uso bajo
360,361,27/12/2011,1,0,12,0,2,1,2,13.325,12.62615,0.327633,76.25,103,1059,0.09726156751652502,1162,Winter,Uso bajo
361,362,28/12/2011,1,0,12,0,3,1,1,12.26433,19.695387,0.279974,50.3913,255,2047,0.12457254518808011,2302,Winter,Uso bajo
362,363,29/12/2011,1,0,12,0,4,1,1,10.181653,8.000604,0.263892,57.4167,254,2169,0.11710465652374366,2423,Winter,Uso bajo
363,364,30/12/2011,1,0,12,0,5,1,1,12.778347,9.000579,0.318812,63.6667,491,2508,0.19577352472089316,2999,Winter,Uso medio
364,365,31/12/2011,1,0,12,0,6,0,1,16.81,14.750318,0.414121,61.5833,665,1820,0.36538461538461536,2485,Winter,Uso bajo
365,366,01/01/2012,1,1,1,0,0,0,1,15.17,12.875189,0.375621,69.25,686,1608,0.42661691542288555,2294,Winter,Uso bajo
366,367,02/01/2012,1,1,1,1,1,0,1,11.194763,22.087555,0.252304,38.1304,244,1707,0.14294083186877563,1951,Winter,Uso bajo
367,368,03/01/2012,1,1,1,0,2,1,1,6.15,24.499957,0.126275,44.125,89,2147,0.04145319049836982,2236,Winter,Uso bajo
368,369,04/01/2012,1,1,1,0,3,1,2,4.4075,12.3749,0.119337,41.4583,95,2273,0.04179498460184778,2368,Winter,Uso bajo
369,370,05/01/2012,1,1,1,0,4,1,1,10.899153,8.709129,0.278412,52.4167,140,3132,0.04469987228607918,3272,Winter,Uso medio
370,371,06/01/2012,1,1,1,0,5,1,1,13.700847,11.249836,0.340267,54.2083,307,3791,0.08098127143233975,4098,Winter,Uso medio
371,372,07/01/2012,1,1,1,0,6,0,1,16.126653,11.708786,0.390779,53.1667,1070,3451,0.31005505650536075,4521,Winter,Uso medio
372,373,08/01/2012,1,1,1,0,0,0,1,13.8375,12.833314,0.340258,46.5,599,2826,0.21196036801132342,3425,Winter,Uso medio
373,374,09/01/2012,1,1,1,0,1,1,2,9.190847,6.6263,0.247479,70.1667,106,2270,0.04669603524229075,2376,Winter,Uso bajo
374,375,10/01/2012,1,1,1,0,2,1,1,12.656536,12.565984,0.318826,64.6522,173,3425,0.05051094890510949,3598,Winter,Uso medio
375,376,11/01/2012,1,1,1,0,3,1,2,11.240847,8.791807,0.282821,84.75,92,2085,0.044124700239808155,2177,Winter,Uso bajo
376,377,12/01/2012,1,1,1,0,4,1,2,15.6825,12.124789,0.381938,80.2917,269,3828,0.07027168234064786,4097,Winter,Uso medio
377,378,13/01/2012,1,1,1,0,5,1,1,11.240847,25.333236,0.249362,50.75,174,3040,0.057236842105263155,3214,Winter,Uso medio
378,379,14/01/2012,1,1,1,0,6,0,1,7.38,12.541261,0.183087,45.75,333,2160,0.15416666666666667,2493,Winter,Uso bajo
379,380,15/01/2012,1,1,1,0,0,0,1,6.833347,16.834286,0.161625,41.9167,284,2027,0.14010853478046373,2311,Winter,Uso bajo
380,381,16/01/2012,1,1,1,1,1,0,1,7.79,15.500986,0.190663,52.25,217,2081,0.10427679000480539,2298,Winter,Uso bajo
381,382,17/01/2012,1,1,1,0,2,1,2,15.294763,23.39171,0.364278,71.6087,127,2808,0.04522792022792023,2935,Winter,Uso medio
382,383,18/01/2012,1,1,1,0,3,1,1,12.436653,27.833743,0.275254,44.3333,109,3267,0.033363942454851546,3376,Winter,Uso medio
383,384,19/01/2012,1,1,1,0,4,1,1,7.79,14.750586,0.190038,49.75,130,3162,0.041113219481340925,3292,Winter,Uso medio
384,385,20/01/2012,1,1,1,0,5,1,2,8.9175,13.58425,0.220958,45.0,115,3048,0.037729658792650916,3163,Winter,Uso medio
385,386,21/01/2012,1,1,1,0,6,0,2,7.106653,14.917014,0.174875,83.125,67,1234,0.05429497568881685,1301,Winter,Uso bajo
386,387,22/01/2012,1,1,1,0,0,0,2,6.6625,13.375746,0.16225,79.625,196,1781,0.11005053340819765,1977,Winter,Uso bajo
387,388,23/01/2012,1,1,1,0,1,1,2,8.951653,7.417436,0.243058,91.125,145,2287,0.06340183646698731,2432,Winter,Uso bajo
388,389,24/01/2012,1,1,1,0,2,1,1,14.0425,8.292389,0.349108,83.5833,439,3900,0.11256410256410257,4339,Winter,Uso medio
389,390,25/01/2012,1,1,1,0,3,1,1,12.060847,10.791757,0.294821,64.375,467,3803,0.1227977912174599,4270,Winter,Uso medio
390,391,26/01/2012,1,1,1,0,4,1,2,14.008347,4.9175186,0.35605,76.9583,244,3831,0.06369094231271208,4075,Winter,Uso medio
391,392,27/01/2012,1,1,1,0,5,1,2,17.425,22.958689,0.415383,74.125,269,3187,0.08440539692500784,3456,Winter,Uso medio
392,393,28/01/2012,1,1,1,0,6,0,1,12.949153,14.125543,0.326379,54.3333,775,3248,0.23860837438423646,4023,Winter,Uso medio
393,394,29/01/2012,1,1,1,0,0,0,1,11.5825,16.08335,0.272721,31.125,558,2685,0.20782122905027933,3243,Winter,Uso medio
394,395,30/01/2012,1,1,1,0,1,1,1,11.035847,14.458064,0.262625,40.0833,126,3498,0.036020583190394515,3624,Winter,Uso medio
395,396,31/01/2012,1,1,1,0,2,1,1,15.99,17.541739,0.381317,41.6667,324,4185,0.07741935483870968,4509,Winter,Uso medio
396,397,01/02/2012,1,1,2,0,3,1,1,19.235847,12.667489,0.466538,50.7917,304,4275,0.07111111111111111,4579,Winter,Uso medio
397,398,02/02/2012,1,1,2,0,4,1,2,16.365847,12.541529,0.398971,67.2917,190,3571,0.05320638476617194,3761,Winter,Uso medio
398,399,03/02/2012,1,1,2,0,5,1,1,12.846653,11.959232,0.309346,52.6667,310,3841,0.0807081489195522,4151,Winter,Uso medio
399,400,04/02/2012,1,1,2,0,6,0,2,10.830847,8.167032,0.272725,77.9583,384,2448,0.1568627450980392,2832,Winter,Uso medio
400,401,05/02/2012,1,1,2,0,0,0,2,10.899153,11.791732,0.264521,68.7917,318,2629,0.12095853936858121,2947,Winter,Uso medio
401,402,06/02/2012,1,1,2,0,1,1,1,11.586969,10.3046,0.296426,62.2174,206,3578,0.05757406372275014,3784,Winter,Uso medio
402,403,07/02/2012,1,1,2,0,2,1,1,14.520847,9.874393,0.361104,49.625,199,4176,0.04765325670498084,4375,Winter,Uso medio
403,404,08/02/2012,1,1,2,0,3,1,2,10.523347,8.959307,0.266421,72.2917,109,2693,0.040475306349795764,2802,Winter,Uso medio
404,405,09/02/2012,1,1,2,0,4,1,1,10.865,13.000479,0.261988,56.2083,163,3667,0.04445050449959095,3830,Winter,Uso medio
405,406,10/02/2012,1,1,2,0,5,1,2,11.514153,7.834243,0.293558,54.0,227,3604,0.06298557158712542,3831,Winter,Uso medio
406,407,11/02/2012,1,1,2,0,6,0,3,9.190847,19.416332,0.210867,73.125,192,1977,0.09711684370257967,2169,Winter,Uso bajo
407,408,12/02/2012,1,1,2,0,0,0,1,5.2275,27.417204,0.101658,46.4583,73,1456,0.05013736263736264,1529,Winter,Uso bajo
408,409,13/02/2012,1,1,2,0,1,1,1,9.1225,11.207961,0.227913,41.125,94,3328,0.028245192307692308,3422,Winter,Uso medio
409,410,14/02/2012,1,1,2,0,2,1,2,13.085847,9.458993,0.333946,50.875,135,3787,0.03564827039873251,3922,Winter,Uso medio
410,411,15/02/2012,1,1,2,0,3,1,1,14.281653,12.1672,0.351629,53.125,141,4028,0.03500496524329692,4169,Winter,Uso medio
411,412,16/02/2012,1,1,2,0,4,1,2,12.983347,6.125475,0.330162,75.2917,74,2931,0.02524735585124531,3005,Winter,Uso medio
412,413,17/02/2012,1,1,2,0,5,1,1,14.076653,13.791682,0.351629,63.4583,349,3805,0.09172141918528252,4154,Winter,Uso medio
413,414,18/02/2012,1,1,2,0,6,0,1,14.213347,12.792243,0.355425,53.4583,1435,2883,0.4977454040929587,4318,Winter,Uso medio
414,415,19/02/2012,1,1,2,0,0,0,2,11.48,16.958504,0.265788,51.5833,618,2071,0.29840656687590533,2689,Winter,Uso medio
415,416,20/02/2012,1,1,2,1,1,0,1,11.48,15.348561,0.273391,50.7826,502,2627,0.1910925009516559,3129,Winter,Uso medio
416,417,21/02/2012,1,1,2,0,2,1,1,11.800866,13.783039,0.295113,59.4348,163,3614,0.045102379634753734,3777,Winter,Uso medio
417,418,22/02/2012,1,1,2,0,3,1,1,16.229153,15.709557,0.392667,56.7917,394,4379,0.08997488010961406,4773,Winter,Uso medio
418,419,23/02/2012,1,1,2,0,4,1,1,18.620847,12.791171,0.444446,55.4583,516,4546,0.11350637923449186,5062,Winter,Uso medio
419,420,24/02/2012,1,1,2,0,5,1,2,16.7075,15.916989,0.410971,73.75,246,3241,0.07590249922863314,3487,Winter,Uso medio
420,421,25/02/2012,1,1,2,0,6,0,1,11.924153,28.250014,0.255675,39.5833,317,2415,0.13126293995859215,2732,Winter,Uso medio
421,422,26/02/2012,1,1,2,0,0,0,1,11.445847,13.750343,0.268308,41.0,515,2874,0.1791927627000696,3389,Winter,Uso medio
422,423,27/02/2012,1,1,2,0,1,1,1,15.033347,17.958211,0.357954,49.0833,253,4069,0.06217743917424429,4322,Winter,Uso medio
423,424,28/02/2012,1,1,2,0,2,1,1,14.725847,12.958939,0.353525,39.5833,229,4134,0.05539429124334785,4363,Winter,Uso medio
424,425,29/02/2012,1,1,2,0,3,1,2,14.118268,12.000839,0.34847,80.4783,65,1769,0.03674392312040701,1834,Winter,Uso bajo
425,426,01/03/2012,1,1,3,0,4,1,1,19.919153,15.208129,0.475371,61.5417,325,4665,0.06966773847802786,4990,Winter,Uso medio
426,427,02/03/2012,1,1,3,0,5,1,2,14.486653,9.708568,0.359842,65.7083,246,2948,0.08344640434192672,3194,Winter,Uso medio
427,428,03/03/2012,1,1,3,0,6,0,2,16.980847,10.792293,0.413492,62.125,956,3110,0.307395498392283,4066,Winter,Uso medio
428,429,04/03/2012,1,1,3,0,0,0,1,13.359153,22.416257,0.303021,40.3333,710,2713,0.2617029119056395,3423,Winter,Uso medio
429,430,05/03/2012,1,1,3,0,1,1,1,9.976653,15.333486,0.241171,50.625,203,3130,0.06485623003194887,3333,Winter,Uso medio
430,431,06/03/2012,1,1,3,0,2,1,1,10.591653,13.458625,0.255042,45.6667,221,3735,0.059170013386880854,3956,Winter,Uso medio
431,432,07/03/2012,1,1,3,0,3,1,1,16.570847,23.167193,0.3851,51.3333,432,4484,0.09634255129348795,4916,Winter,Uso medio
432,433,08/03/2012,1,1,3,0,4,1,1,21.6275,29.584721,0.524604,56.75,486,4896,0.09926470588235294,5382,Winter,Uso medio
433,434,09/03/2012,1,1,3,0,5,1,2,16.844153,27.7916,0.397083,40.7083,447,4122,0.10844250363901019,4569,Winter,Uso medio
434,435,10/03/2012,1,1,3,0,6,0,1,11.7875,15.12525,0.277767,35.0417,968,3150,0.3073015873015873,4118,Winter,Uso medio
435,436,11/03/2012,1,1,3,0,0,0,1,14.831299,14.913329,0.35967,47.6957,1658,3253,0.5096833691976637,4911,Winter,Uso medio
436,437,12/03/2012,1,1,3,0,1,1,1,19.133347,13.916771,0.459592,48.9167,838,4460,0.18789237668161435,5298,Winter,Uso medio
437,438,13/03/2012,1,1,3,0,2,1,1,23.165,15.87565,0.542929,61.75,762,5085,0.14985250737463127,5847,Winter,Uso medio
438,439,14/03/2012,1,1,3,0,3,1,1,23.4725,7.709154,0.548617,50.7083,997,5315,0.18758231420507995,6312,Winter,Uso medio
439,440,15/03/2012,1,1,3,0,4,1,1,22.8575,10.042161,0.532825,57.9583,1005,5187,0.1937536148062464,6192,Winter,Uso medio
440,441,16/03/2012,1,1,3,0,5,1,2,17.869153,7.583864,0.436229,84.2083,548,3830,0.14308093994778068,4378,Winter,Uso medio
441,442,17/03/2012,1,1,3,0,6,0,2,21.080847,7.417168,0.505046,75.5833,3155,4681,0.674001281777398,7836,Winter,Uso alto
442,443,18/03/2012,1,1,3,0,0,0,2,19.3725,8.501161,0.464,81.0,2207,3685,0.5989145183175034,5892,Winter,Uso medio
443,444,19/03/2012,1,1,3,0,1,1,1,22.345,10.875239,0.532821,72.875,982,5171,0.1899052407658093,6153,Winter,Uso medio
444,445,20/03/2012,1,1,3,0,2,1,1,22.994153,8.125157,0.538533,80.7917,1051,5042,0.20844902816342722,6093,Winter,Uso medio
445,446,21/03/2012,2,1,3,0,3,1,2,21.798347,6.0004061,0.513258,82.125,1122,5108,0.21965544244322632,6230,Spring,Uso medio
446,447,22/03/2012,2,1,3,0,4,1,1,22.720847,7.876654,0.531567,83.125,1334,5537,0.24092468845945458,6871,Spring,Uso alto
447,448,23/03/2012,2,1,3,0,5,1,2,24.668347,7.7921,0.570067,69.4167,2469,5893,0.41897166129305957,8362,Spring,Uso alto
448,449,24/03/2012,2,1,3,0,6,0,2,20.6025,12.916461,0.486733,88.5417,1033,2339,0.44164172723386064,3372,Spring,Uso medio
449,450,25/03/2012,2,1,3,0,0,0,2,17.9375,14.791925,0.437488,88.0833,1532,3464,0.44226327944572746,4996,Spring,Uso medio
450,451,26/03/2012,2,1,3,0,1,1,1,18.279153,25.917007,0.43875,47.7917,795,4763,0.16691161032962418,5558,Spring,Uso medio
451,452,27/03/2012,2,1,3,0,2,1,1,13.256653,12.541864,0.315654,29.0,531,4571,0.11616714066943776,5102,Spring,Uso medio
452,453,28/03/2012,2,1,3,0,3,1,1,19.850847,19.541957,0.47095,48.125,674,5024,0.13415605095541402,5698,Spring,Uso medio
453,454,29/03/2012,2,1,3,0,4,1,1,20.260847,21.41655,0.482304,43.9167,834,5299,0.15738818645027364,6133,Spring,Uso medio
454,455,30/03/2012,2,1,3,0,5,1,2,15.17,9.250489,0.375621,58.0833,796,4663,0.17070555436414325,5459,Spring,Uso medio
455,456,31/03/2012,2,1,3,0,6,0,2,17.390847,16.791339,0.421708,73.8333,2301,3934,0.5849008642602949,6235,Spring,Uso medio
456,457,01/04/2012,2,1,4,0,0,0,2,17.459153,11.541889,0.417287,67.625,2347,3694,0.6353546291283162,6041,Spring,Uso medio
457,458,02/04/2012,2,1,4,0,1,1,1,17.790433,20.913313,0.427513,50.4348,1208,4728,0.25549915397631134,5936,Spring,Uso medio
458,459,03/04/2012,2,1,4,0,2,1,1,19.133347,6.708911,0.461483,39.6667,1348,5424,0.2485250737463127,6772,Spring,Uso alto
459,460,04/04/2012,2,1,4,0,3,1,1,22.208347,12.125325,0.53345,46.9583,1058,5378,0.19672740795834884,6436,Spring,Uso medio
460,461,05/04/2012,2,1,4,0,4,1,1,17.835,14.708443,0.431163,37.4167,1192,5265,0.22640075973409307,6457,Spring,Uso alto
461,462,06/04/2012,2,1,4,0,5,1,1,16.536653,20.125996,0.390767,37.7083,1807,4653,0.38835160111755856,6460,Spring,Uso alto
462,463,07/04/2012,2,1,4,0,6,0,1,17.9375,18.416357,0.426129,25.4167,3252,3605,0.9020804438280167,6857,Spring,Uso alto
463,464,08/04/2012,2,1,4,0,0,0,1,20.5,15.583932,0.492425,27.5833,2230,2939,0.7587614834977884,5169,Spring,Uso medio
464,465,09/04/2012,2,1,4,0,1,1,1,20.055847,23.999132,0.476638,31.75,905,4680,0.19337606837606838,5585,Spring,Uso medio
465,466,10/04/2012,2,1,4,0,2,1,1,18.313347,16.708125,0.436233,43.5,819,5099,0.16061972935869778,5918,Spring,Uso medio
466,467,11/04/2012,2,1,4,0,3,1,1,14.296536,19.783358,0.337274,46.9565,482,4380,0.11004566210045662,4862,Spring,Uso medio
467,468,12/04/2012,2,1,4,0,4,1,1,16.2975,19.458743,0.387604,46.625,663,4746,0.13969658659924147,5409,Spring,Uso medio
468,469,13/04/2012,2,1,4,0,5,1,1,18.1425,10.416557,0.431808,40.8333,1252,5146,0.24329576369996114,6398,Spring,Uso medio
469,470,14/04/2012,2,1,4,0,6,0,1,20.295,12.791439,0.487996,50.2917,2795,4665,0.5991425509110396,7460,Spring,Uso alto
470,471,15/04/2012,2,1,4,0,0,0,1,24.873347,15.083643,0.573875,50.7917,2846,4286,0.6640223985067663,7132,Spring,Uso alto
471,472,16/04/2012,2,1,4,1,1,0,1,27.230847,19.083543,0.614925,56.1667,1198,5172,0.23163186388244392,6370,Spring,Uso medio
472,473,17/04/2012,2,1,4,0,2,1,1,24.941653,18.333143,0.598487,39.0417,989,5702,0.1734479130129779,6691,Spring,Uso alto
473,474,18/04/2012,2,1,4,0,3,1,2,18.996653,11.250104,0.457038,56.9167,347,4020,0.086318407960199,4367,Spring,Uso medio
474,475,19/04/2012,2,1,4,0,4,1,1,20.431653,4.4172564,0.493046,61.25,846,5719,0.1479279594334674,6565,Spring,Uso alto
475,476,20/04/2012,2,1,4,0,5,1,1,21.593347,10.041357,0.515775,69.4583,1340,5950,0.22521008403361345,7290,Spring,Uso alto
476,477,21/04/2012,2,1,4,0,6,0,1,23.37,19.000329,0.542921,68.2917,2541,4083,0.6223365172667157,6624,Spring,Uso alto
477,478,22/04/2012,2,1,4,0,0,0,3,16.263347,23.084582,0.389504,83.5417,120,907,0.13230429988974643,1027,Spring,Uso bajo
478,479,23/04/2012,2,1,4,0,1,1,2,13.188347,20.334232,0.301125,76.6667,195,3019,0.06459092414706856,3214,Spring,Uso medio
479,480,24/04/2012,2,1,4,0,2,1,1,16.946653,16.708661,0.405283,45.4167,518,5115,0.10127077223851418,5633,Spring,Uso medio
480,481,25/04/2012,2,1,4,0,3,1,1,19.543347,7.959064,0.470317,42.7917,655,5541,0.11820970943872947,6196,Spring,Uso medio
481,482,26/04/2012,2,1,4,0,4,1,2,20.431653,11.833875,0.483583,75.6667,475,4551,0.1043726653482751,5026,Spring,Uso medio
482,483,27/04/2012,2,1,4,0,5,1,1,18.7575,23.291411,0.452637,40.0833,1014,5219,0.19429009388771795,6233,Spring,Uso medio
483,484,28/04/2012,2,1,4,0,6,0,2,15.443347,8.708325,0.377504,48.9583,1120,3100,0.36129032258064514,4220,Spring,Uso medio
484,485,29/04/2012,2,1,4,0,0,0,1,18.791653,7.832836,0.450121,58.7083,2229,4075,0.5469938650306748,6304,Spring,Uso medio
485,486,30/04/2012,2,1,4,0,1,1,2,19.030847,11.499746,0.457696,57.0,665,4907,0.1355206847360913,5572,Spring,Uso medio
486,487,01/05/2012,2,1,5,0,2,1,2,25.146653,10.458432,0.577021,65.9583,653,5087,0.12836642421859643,5740,Spring,Uso medio
487,488,02/05/2012,2,1,5,0,3,1,1,23.130847,9.249886,0.537896,79.7083,667,5502,0.1212286441294075,6169,Spring,Uso medio
488,489,03/05/2012,2,1,5,0,4,1,2,22.96,8.957632,0.537242,76.8333,764,5657,0.13505391550291673,6421,Spring,Uso medio
489,490,04/05/2012,2,1,5,0,5,1,1,25.7275,10.916846,0.590917,73.5417,1069,5227,0.20451501817486128,6296,Spring,Uso medio
490,491,05/05/2012,2,1,5,0,6,0,2,25.488347,10.250464,0.584608,75.6667,2496,4387,0.5689537269204468,6883,Spring,Uso alto
491,492,06/05/2012,2,1,5,0,0,0,2,23.0625,10.041893,0.546737,74.0,2135,4224,0.5054450757575758,6359,Spring,Uso medio
492,493,07/05/2012,2,1,5,0,1,1,2,22.0375,15.458307,0.527142,66.4167,1008,5265,0.19145299145299147,6273,Spring,Uso medio
493,494,08/05/2012,2,1,5,0,2,1,2,23.848347,19.833943,0.557471,68.5833,738,4990,0.14789579158316632,5728,Spring,Uso medio
494,495,09/05/2012,2,1,5,0,3,1,2,23.575,14.499604,0.553025,74.4167,620,4097,0.15133024164022454,4717,Spring,Uso medio
495,496,10/05/2012,2,1,5,0,4,1,1,20.739153,21.042221,0.491783,55.2083,1026,5546,0.1849981968986657,6572,Spring,Uso alto
496,497,11/05/2012,2,1,5,0,5,1,1,21.866653,15.874779,0.520833,36.0417,1319,5711,0.23095780073542288,7030,Spring,Uso alto
497,498,12/05/2012,2,1,5,0,6,0,1,23.130847,8.249911,0.544817,48.0417,2622,4807,0.5454545454545454,7429,Spring,Uso alto
498,499,13/05/2012,2,1,5,0,0,0,1,25.1125,15.082839,0.585238,57.625,2172,3946,0.5504308160162189,6118,Spring,Uso medio
499,500,14/05/2012,2,1,5,0,1,1,2,23.506653,14.250364,0.5499,78.9583,342,2501,0.1367453018792483,2843,Spring,Uso medio
500,501,15/05/2012,2,1,5,0,2,1,2,25.078347,9.875264,0.576404,79.4583,625,4490,0.13919821826280623,5115,Spring,Uso medio
501,502,16/05/2012,2,1,5,0,3,1,1,26.103347,8.208304,0.595975,69.7917,991,6433,0.15404943261308876,7424,Spring,Uso alto
502,503,17/05/2012,2,1,5,0,4,1,1,24.326653,15.374825,0.572613,52.0,1242,6142,0.2022142624552263,7384,Spring,Uso alto
503,504,18/05/2012,2,1,5,0,5,1,1,23.130847,9.166739,0.551121,52.3333,1521,6118,0.2486106570774763,7639,Spring,Uso alto
504,505,19/05/2012,2,1,5,0,6,0,1,24.6,5.626325,0.566908,45.625,3410,4884,0.6981981981981982,8294,Spring,Uso alto
505,506,20/05/2012,2,1,5,0,0,0,1,25.454153,17.042589,0.583967,53.0417,2704,4425,0.6110734463276836,7129,Spring,Uso alto
506,507,21/05/2012,2,1,5,0,1,1,2,24.531653,15.624668,0.565667,81.125,630,3729,0.16894609814963799,4359,Spring,Uso medio
507,508,22/05/2012,2,1,5,0,2,1,2,25.215,7.917189,0.580825,76.5833,819,5254,0.15588123334602208,6073,Spring,Uso medio
508,509,23/05/2012,2,1,5,0,3,1,2,25.488347,6.834,0.584612,77.4583,766,4494,0.17044948820649755,5260,Spring,Uso medio
509,510,24/05/2012,2,1,5,0,4,1,1,26.855,11.584032,0.6067,71.6667,1059,5711,0.18543162318333042,6770,Spring,Uso alto
510,511,25/05/2012,2,1,5,0,5,1,1,27.88,9.41685,0.627529,74.7083,1417,5317,0.2665036674816626,6734,Spring,Uso alto
511,512,26/05/2012,2,1,5,0,6,0,1,28.3925,13.332464,0.642696,73.25,2855,3681,0.7756044553110568,6536,Spring,Uso alto
512,513,27/05/2012,2,1,5,0,0,0,1,28.29,14.416457,0.641425,69.7083,3283,3308,0.9924425634824667,6591,Spring,Uso alto
513,514,28/05/2012,2,1,5,1,1,0,1,29.2125,13.166907,0.6793,67.625,2557,3486,0.7335054503729203,6043,Spring,Uso medio
514,515,29/05/2012,2,1,5,0,2,1,1,29.6225,19.7918,0.672992,68.4583,880,4863,0.18095825622044007,5743,Spring,Uso medio
515,516,30/05/2012,2,1,5,0,3,1,2,26.923347,9.000043,0.611129,67.0,745,6110,0.12193126022913257,6855,Spring,Uso alto
516,517,31/05/2012,2,1,5,0,4,1,1,27.88,13.083693,0.631329,49.2917,1100,6238,0.17633857005450465,7338,Spring,Uso alto
517,518,01/06/2012,2,1,6,0,5,1,2,26.820847,15.916721,0.607962,75.5417,533,3594,0.14830272676683362,4127,Spring,Uso medio
518,519,02/06/2012,2,1,6,0,6,0,1,23.916653,12.499654,0.566288,54.9167,2795,5325,0.5248826291079812,8120,Spring,Uso alto
519,520,03/06/2012,2,1,6,0,0,0,1,24.7025,12.333829,0.575133,49.3333,2494,5147,0.48455410918981934,7641,Spring,Uso alto
520,521,04/06/2012,2,1,6,0,1,1,1,24.4975,19.083811,0.578283,48.7083,1071,5927,0.1806984983971655,6998,Spring,Uso alto
521,522,05/06/2012,2,1,6,0,2,1,2,22.174153,14.041525,0.525892,61.3333,968,6033,0.16045085363832257,7001,Spring,Uso alto
522,523,06/06/2012,2,1,6,0,3,1,1,22.720847,5.167375,0.542292,61.125,1027,6028,0.170371599203716,7055,Spring,Uso alto
523,524,07/06/2012,2,1,6,0,4,1,1,24.7025,10.54245,0.569442,56.7083,1038,6456,0.1607806691449814,7494,Spring,Uso alto
524,525,08/06/2012,2,1,6,0,5,1,1,26.615847,11.750661,0.597862,46.7917,1488,6248,0.23815620998719592,7736,Spring,Uso alto
525,526,09/06/2012,2,1,6,0,6,0,1,29.144153,9.667229,0.648367,43.7083,2708,4790,0.5653444676409186,7498,Spring,Uso alto
526,527,10/06/2012,2,1,6,0,0,0,1,29.793347,8.959307,0.663517,53.8333,2224,4374,0.508459076360311,6598,Spring,Uso alto
527,528,11/06/2012,2,1,6,0,1,1,2,29.554153,13.916771,0.659721,58.7917,1017,5647,0.18009562599610413,6664,Spring,Uso alto
528,529,12/06/2012,2,1,6,0,2,1,2,26.786653,14.374582,0.597875,83.3333,477,4495,0.10611790878754171,4972,Spring,Uso medio
529,530,13/06/2012,2,1,6,0,3,1,1,26.889153,22.999693,0.611117,58.2083,1173,6248,0.18774007682458388,7421,Spring,Uso alto
530,531,14/06/2012,2,1,6,0,4,1,1,26.581653,17.000111,0.624383,56.9583,1180,6183,0.1908458677017629,7363,Spring,Uso alto
531,532,15/06/2012,2,1,6,0,5,1,1,26.205847,11.833339,0.599754,58.9583,1563,6102,0.2561455260570305,7665,Spring,Uso alto
532,533,16/06/2012,2,1,6,0,6,0,1,25.898347,11.166689,0.594708,50.4167,2963,4739,0.6252373918548217,7702,Spring,Uso alto
533,534,17/06/2012,2,1,6,0,0,0,1,24.2925,9.708568,0.571975,59.875,2634,4344,0.606353591160221,6978,Spring,Uso alto
534,535,18/06/2012,2,1,6,0,1,1,2,23.301653,11.707982,0.544842,77.7917,653,4446,0.1468735942420153,5099,Spring,Uso medio
535,536,19/06/2012,2,1,6,0,2,1,1,28.221653,9.917139,0.654692,69.0,968,5857,0.16527232371521255,6825,Spring,Uso alto
536,537,20/06/2012,2,1,6,0,3,1,1,32.0825,7.625404,0.720975,59.2083,872,5339,0.16332646563026784,6211,Spring,Uso medio
537,538,21/06/2012,3,1,6,0,4,1,1,33.039153,7.958729,0.752542,56.7917,778,5127,0.1517456602301541,5905,Summer,Uso medio
538,539,22/06/2012,3,1,6,0,5,1,1,31.8775,12.250414,0.724121,57.375,964,4859,0.19839473142621938,5823,Summer,Uso medio
539,540,23/06/2012,3,1,6,0,6,0,1,29.998347,12.041307,0.652792,53.4583,2657,4801,0.5534263695063528,7458,Summer,Uso alto
540,541,24/06/2012,3,1,6,0,0,0,1,30.476653,9.750175,0.674254,47.9167,2551,4340,0.5877880184331797,6891,Summer,Uso alto
541,542,25/06/2012,3,1,6,0,1,1,1,29.349153,20.125661,0.654042,50.4167,1139,5640,0.20195035460992908,6779,Summer,Uso alto
542,543,26/06/2012,3,1,6,0,2,1,1,25.864153,23.292014,0.594704,37.3333,1077,6365,0.16920659858601728,7442,Summer,Uso alto
543,544,27/06/2012,3,1,6,0,3,1,1,28.5975,18.208925,0.640792,36.0,1077,6258,0.17209971236816873,7335,Summer,Uso alto
544,545,28/06/2012,3,1,6,0,4,1,1,30.715847,11.50055,0.675512,42.25,921,5958,0.15458207452165157,6879,Summer,Uso alto
545,546,29/06/2012,3,1,6,0,5,1,1,34.200847,11.082939,0.786613,48.875,829,4634,0.17889512300388433,5463,Summer,Uso medio
546,547,30/06/2012,3,1,6,0,6,0,1,31.365,10.791757,0.687508,60.125,1455,4232,0.34380907372400754,5687,Summer,Uso medio
547,548,01/07/2012,3,1,7,0,0,0,1,33.449153,11.291443,0.750629,51.875,1421,4110,0.34574209245742094,5531,Summer,Uso medio
548,549,02/07/2012,3,1,7,0,1,1,1,32.048347,13.082889,0.702038,44.7083,904,5323,0.16982904377230884,6227,Summer,Uso medio
549,550,03/07/2012,3,1,7,0,2,1,1,32.014153,8.457879,0.70265,49.2083,1052,5608,0.1875891583452211,6660,Summer,Uso alto
550,551,04/07/2012,3,1,7,1,3,0,1,32.355847,9.04165,0.732337,53.875,2562,4841,0.5292294980375956,7403,Summer,Uso alto
551,552,05/07/2012,3,1,7,0,4,1,1,33.9275,12.999943,0.761367,45.7917,1405,4836,0.29052936311000827,6241,Summer,Uso medio
552,553,06/07/2012,3,1,7,0,5,1,1,33.961653,9.791514,0.752533,45.0833,1366,4841,0.2821731047304276,6207,Summer,Uso medio
553,554,07/07/2012,3,1,7,0,6,0,1,35.328347,10.958118,0.804913,49.2083,1448,3392,0.4268867924528302,4840,Summer,Uso medio
554,555,08/07/2012,3,1,7,0,0,0,1,33.7225,8.417143,0.790396,57.375,1203,3469,0.34678581723839724,4672,Summer,Uso medio
555,556,09/07/2012,3,1,7,0,1,1,2,29.144153,12.125325,0.654054,68.3333,998,5571,0.17914198528091904,6569,Summer,Uso alto
556,557,10/07/2012,3,1,7,0,2,1,2,29.554153,10.166379,0.664796,66.75,954,5336,0.1787856071964018,6290,Summer,Uso medio
557,558,11/07/2012,3,1,7,0,3,1,1,29.383347,10.166111,0.650271,63.3333,975,6289,0.15503259659723326,7264,Summer,Uso alto
558,559,12/07/2012,3,1,7,0,4,1,1,29.349153,9.833925,0.654683,52.9583,1032,6414,0.16089803554724041,7446,Summer,Uso alto
559,560,13/07/2012,3,1,7,0,5,1,2,29.998347,5.41695,0.667933,48.5833,1511,5988,0.25233800935203743,7499,Summer,Uso alto
560,561,14/07/2012,3,1,7,0,6,0,2,28.836653,9.626493,0.666042,69.9167,2355,4614,0.5104031209362809,6969,Summer,Uso alto
561,562,15/07/2012,3,1,7,0,0,0,1,30.579153,11.166689,0.705196,71.7917,1920,4111,0.4670396497202627,6031,Summer,Uso medio
562,563,16/07/2012,3,1,7,0,1,1,1,31.296653,11.000529,0.724125,64.5,1088,5742,0.18948101706722395,6830,Summer,Uso alto
563,564,17/07/2012,3,1,7,0,2,1,1,33.551653,7.666743,0.755683,50.5833,921,5865,0.15703324808184144,6786,Summer,Uso alto
564,565,18/07/2012,3,1,7,0,3,1,1,32.526653,9.208614,0.745583,57.7083,799,4914,0.16259666259666258,5713,Summer,Uso medio
565,566,19/07/2012,3,1,7,0,4,1,1,31.57,11.083743,0.714642,60.0417,888,5703,0.1557075223566544,6591,Summer,Uso alto
566,567,20/07/2012,3,1,7,0,5,1,2,27.299153,14.000789,0.613025,84.4167,747,5123,0.14581300019519813,5870,Summer,Uso medio
567,568,21/07/2012,3,1,7,0,6,0,3,24.429153,14.2911,0.549912,86.5417,1264,3195,0.39561815336463224,4459,Summer,Uso medio
568,569,22/07/2012,3,1,7,0,0,0,2,27.3675,6.2926936,0.623125,76.25,2544,4866,0.5228113440197287,7410,Summer,Uso alto
569,570,23/07/2012,3,1,7,0,1,1,1,30.408347,9.291761,0.690017,69.4167,1135,5831,0.19464928828674327,6966,Summer,Uso alto
570,571,24/07/2012,3,1,7,0,2,1,1,30.784153,14.167418,0.70645,65.5,1140,6452,0.17668939863608182,7592,Summer,Uso alto
571,572,25/07/2012,3,1,7,0,3,1,1,29.690847,11.0416,0.654054,45.0,1383,6790,0.2036818851251841,8173,Summer,Uso alto
572,573,26/07/2012,3,1,7,0,4,1,1,31.843347,19.082471,0.739263,59.6667,1036,5825,0.1778540772532189,6861,Summer,Uso alto
573,574,27/07/2012,3,1,7,0,5,1,1,32.048347,10.250464,0.734217,59.4583,1259,5645,0.22302922940655448,6904,Summer,Uso alto
574,575,28/07/2012,3,1,7,0,6,0,1,30.989153,10.54245,0.697604,61.3333,2234,4451,0.5019096832172546,6685,Summer,Uso alto
575,576,29/07/2012,3,1,7,0,0,0,1,29.588347,11.416532,0.667933,62.375,2153,4444,0.48447344734473446,6597,Summer,Uso alto
576,577,30/07/2012,3,1,7,0,1,1,1,29.964153,10.292339,0.684987,66.875,1040,6065,0.17147568013190437,7105,Summer,Uso alto
577,578,31/07/2012,3,1,7,0,2,1,1,29.246653,11.083475,0.662896,70.4167,968,6248,0.15492957746478872,7216,Summer,Uso alto
578,579,01/08/2012,3,1,8,0,3,1,1,29.4175,9.458993,0.667308,67.75,1074,6506,0.1650783891792192,7580,Summer,Uso alto
579,580,02/08/2012,3,1,8,0,4,1,1,30.8525,8.666718,0.707088,65.9583,983,6278,0.15657852819369225,7261,Summer,Uso alto
580,581,03/08/2012,3,1,8,0,5,1,2,31.399153,14.458064,0.722867,64.25,1328,5847,0.2271250213784847,7175,Summer,Uso alto
581,582,04/08/2012,3,1,8,0,6,0,1,32.526653,17.249686,0.751267,61.3333,2345,4479,0.5235543648135744,6824,Summer,Uso alto
582,583,05/08/2012,3,1,8,0,0,0,1,31.535847,19.458207,0.731079,65.25,1707,3757,0.4543518764972052,5464,Summer,Uso medio
583,584,06/08/2012,3,1,8,0,1,1,2,30.8525,8.666718,0.710246,65.4167,1233,5780,0.21332179930795847,7013,Summer,Uso alto
584,585,07/08/2012,3,1,8,0,2,1,2,30.169153,7.832836,0.697621,70.375,1278,5995,0.21317764804003336,7273,Summer,Uso alto
585,586,08/08/2012,3,1,8,0,3,1,2,30.75,7.4169,0.707717,67.2917,1263,6271,0.2014032849625259,7534,Summer,Uso alto
586,587,09/08/2012,3,1,8,0,4,1,1,30.989153,10.4587,0.699508,62.0417,1196,6090,0.19638752052545155,7286,Summer,Uso alto
587,588,10/08/2012,3,1,8,0,5,1,2,29.349153,16.000471,0.667942,71.5833,1065,4721,0.2255877991950858,5786,Summer,Uso medio
588,589,11/08/2012,3,1,8,0,6,0,2,28.3925,13.834093,0.638267,73.2917,2247,4052,0.5545409674234946,6299,Summer,Uso medio
589,590,12/08/2012,3,1,8,0,0,0,1,28.734153,8.208304,0.644579,53.0417,2182,4362,0.5002292526364053,6544,Summer,Uso alto
590,591,13/08/2012,3,1,8,0,1,1,1,29.554153,9.126204,0.662254,54.5417,1207,5676,0.21264975334742778,6883,Summer,Uso alto
591,592,14/08/2012,3,1,8,0,2,1,1,29.793347,11.333586,0.676779,68.6667,1128,5656,0.19943422913719944,6784,Summer,Uso alto
592,593,15/08/2012,3,1,8,0,3,1,1,28.973347,11.374657,0.654037,61.9583,1198,6149,0.19482842738656692,7347,Summer,Uso alto
593,594,16/08/2012,3,1,8,0,4,1,1,29.485847,9.500332,0.654688,51.9167,1338,6267,0.2134992819530876,7605,Summer,Uso alto
594,595,17/08/2012,3,1,8,0,5,1,1,29.656653,15.500718,0.2424,57.0833,1483,5665,0.2617828773168579,7148,Summer,Uso alto
595,596,18/08/2012,3,1,8,0,6,0,1,27.811653,11.917089,0.618071,60.3333,2827,5038,0.5611353711790393,7865,Summer,Uso alto
596,597,19/08/2012,3,1,8,0,0,0,2,26.069153,5.79215,0.603554,71.1667,1208,3341,0.36156839269679736,4549,Summer,Uso medio
597,598,20/08/2012,3,1,8,0,1,1,2,26.069153,8.708593,0.595967,73.4167,1026,5504,0.18640988372093023,6530,Summer,Uso alto
598,599,21/08/2012,3,1,8,0,2,1,1,26.615847,4.8756436,0.601025,67.375,1081,5925,0.18244725738396625,7006,Summer,Uso alto
599,600,22/08/2012,3,1,8,0,3,1,1,27.3675,4.7089811,0.621854,67.7083,1094,6281,0.17417608661041237,7375,Summer,Uso alto
600,601,23/08/2012,3,1,8,0,4,1,1,28.529153,5.6679186,0.637008,63.5833,1363,6402,0.21290221805685725,7765,Summer,Uso alto
601,602,24/08/2012,3,1,8,0,5,1,2,28.8025,4.8337686,0.6471,61.5,1325,6257,0.21176282563528848,7582,Summer,Uso alto
602,603,25/08/2012,3,1,8,0,6,0,2,27.128347,16.375336,0.618696,71.2917,1829,4224,0.4330018939393939,6053,Summer,Uso medio
603,604,26/08/2012,3,1,8,0,0,0,2,26.786653,15.333486,0.595996,84.5833,1483,3772,0.39316012725344646,5255,Summer,Uso medio
604,605,27/08/2012,3,1,8,0,1,1,1,28.836653,8.625111,0.654688,73.0417,989,5928,0.16683535762483132,6917,Summer,Uso alto
605,606,28/08/2012,3,1,8,0,2,1,1,29.861653,12.791975,0.66605,62.0,935,6105,0.15315315315315314,7040,Summer,Uso alto
606,607,29/08/2012,3,1,8,0,3,1,1,28.085,7.541654,0.635733,55.2083,1177,6520,0.18052147239263805,7697,Summer,Uso alto
607,608,30/08/2012,3,1,8,0,4,1,1,28.973347,5.1668189,0.652779,59.0417,1172,6541,0.17917749579574987,7713,Summer,Uso alto
608,609,31/08/2012,3,1,8,0,5,1,1,31.330847,11.291711,0.6894,58.75,1433,5917,0.2421835389555518,7350,Summer,Uso alto
609,610,01/09/2012,3,1,9,0,6,0,2,30.886653,7.583529,0.702654,63.8333,2352,3788,0.6209081309398099,6140,Summer,Uso medio
610,611,02/09/2012,3,1,9,0,0,0,2,28.563347,4.2927436,0.649,81.5,2613,3197,0.8173287456990929,5810,Summer,Uso medio
611,612,03/09/2012,3,1,9,1,1,0,1,29.0075,10.125107,0.661629,79.0833,1965,4069,0.48291963627426887,6034,Summer,Uso medio
612,613,04/09/2012,3,1,9,0,2,1,1,29.759153,15.833507,0.686888,75.5,867,5997,0.14457228614307155,6864,Summer,Uso alto
613,614,05/09/2012,3,1,9,0,3,1,1,30.203347,12.583136,0.708983,74.125,832,6280,0.13248407643312102,7112,Summer,Uso alto
614,615,06/09/2012,3,1,9,0,4,1,2,28.563347,9.542207,0.655329,81.0417,611,5592,0.10926323319027181,6203,Summer,Uso medio
615,616,07/09/2012,3,1,9,0,5,1,1,28.836653,11.500282,0.657204,73.625,1045,6459,0.16178975073540797,7504,Summer,Uso alto
616,617,08/09/2012,3,1,9,0,6,0,2,27.025847,18.833968,0.611121,79.9167,1557,4419,0.35234215885947046,5976,Summer,Uso medio
617,618,09/09/2012,3,1,9,0,0,0,1,25.01,15.041232,0.578925,54.75,2570,5657,0.4543044016263037,8227,Summer,Uso alto
618,619,10/09/2012,3,1,9,0,1,1,1,23.916653,17.333771,0.565654,50.375,1118,6407,0.174496644295302,7525,Summer,Uso alto
619,620,11/09/2012,3,1,9,0,2,1,1,23.6775,6.1676314,0.554292,52.0,1070,6697,0.1597730327012095,7767,Summer,Uso alto
620,621,12/09/2012,3,1,9,0,3,1,1,24.565847,8.833682,0.570075,57.7083,1050,6820,0.15395894428152493,7870,Summer,Uso alto
621,622,13/09/2012,3,1,9,0,4,1,1,25.1125,5.5422936,0.579558,63.7083,1054,6750,0.15614814814814815,7804,Summer,Uso alto
622,623,14/09/2012,3,1,9,0,5,1,1,25.966653,6.958821,0.594083,67.25,1379,6630,0.20799396681749624,8009,Summer,Uso alto
623,624,15/09/2012,3,1,9,0,6,0,1,24.941653,16.583907,0.585867,50.1667,3160,5554,0.5689593086064098,8714,Summer,Uso alto
624,625,16/09/2012,3,1,9,0,0,0,1,23.78,6.0422811,0.563125,57.0,2166,5167,0.41919876137023415,7333,Summer,Uso alto
625,626,17/09/2012,3,1,9,0,1,1,2,23.814153,10.166714,0.55305,73.4583,1022,5847,0.17479049085000856,6869,Summer,Uso alto
626,627,18/09/2012,3,1,9,0,2,1,2,25.556653,23.958329,0.565067,87.25,371,3702,0.10021609940572664,4073,Summer,Uso medio
627,628,19/09/2012,3,1,9,0,3,1,1,22.6525,14.416725,0.540404,53.6667,788,6803,0.11583125091871234,7591,Summer,Uso alto
628,629,20/09/2012,3,1,9,0,4,1,1,22.413347,7.917189,0.532192,61.8333,939,6781,0.13847515115764636,7720,Summer,Uso alto
629,630,21/09/2012,3,1,9,0,5,1,1,24.565847,10.333343,0.571971,66.875,1250,6917,0.1807141824490386,8167,Summer,Uso alto
630,631,22/09/2012,3,1,9,0,6,0,1,26.65,19.000061,0.610488,64.6667,2512,5883,0.42699303076661566,8395,Summer,Uso alto
631,632,23/09/2012,4,1,9,0,0,0,1,21.695847,14.958286,0.518933,46.7083,2454,5453,0.4500275077938749,7907,Autumn,Uso alto
632,633,24/09/2012,4,1,9,0,1,1,1,21.080847,9.541068,0.502513,49.2917,1001,6435,0.15555555555555556,7436,Autumn,Uso alto
633,634,25/09/2012,4,1,9,0,2,1,1,22.55,15.833507,0.544179,57.0,845,6693,0.12625130733602272,7538,Autumn,Uso alto
634,635,26/09/2012,4,1,9,0,3,1,1,26.035,16.3748,0.596613,63.0833,787,6946,0.11330262021307227,7733,Autumn,Uso alto
635,636,27/09/2012,4,1,9,0,4,1,2,26.65,9.000914,0.607975,69.0833,751,6642,0.11306835290575128,7393,Autumn,Uso alto
636,637,28/09/2012,4,1,9,0,5,1,2,25.385847,10.999993,0.585863,69.0,1045,6370,0.1640502354788069,7415,Autumn,Uso alto
637,638,29/09/2012,4,1,9,0,6,0,1,22.2425,15.249468,0.530296,54.2917,2589,5966,0.43395910157559503,8555,Autumn,Uso alto
638,639,30/09/2012,4,1,9,0,0,0,1,21.593347,9.042186,0.517663,58.3333,2015,4874,0.41341813705375463,6889,Autumn,Uso alto
639,640,01/10/2012,4,1,10,0,1,1,2,21.354153,6.0838814,0.512,64.9167,763,6015,0.12684954280964256,6778,Autumn,Uso alto
640,641,02/10/2012,4,1,10,0,2,1,3,24.224153,6.999825,0.542333,87.1667,315,4324,0.07284921369102683,4639,Autumn,Uso medio
641,642,03/10/2012,4,1,10,0,3,1,2,26.9575,4.4585686,0.599133,79.375,728,6844,0.10637054354178843,7572,Autumn,Uso alto
642,643,04/10/2012,4,1,10,0,4,1,2,26.9575,7.875582,0.607975,72.2917,891,6437,0.13841851794314122,7328,Autumn,Uso alto
643,644,05/10/2012,4,1,10,0,5,1,1,25.215,7.12545,0.580187,62.75,1516,6640,0.2283132530120482,8156,Autumn,Uso alto
644,645,06/10/2012,4,1,10,0,6,0,1,22.720847,17.957675,0.538521,66.4167,3031,4934,0.6143088771787596,7965,Autumn,Uso alto
645,646,07/10/2012,4,1,10,0,0,0,2,17.049153,9.457854,0.419813,70.8333,781,2729,0.28618541590326124,3510,Autumn,Uso medio
646,647,08/10/2012,4,1,10,1,1,0,2,15.716653,12.708493,0.387608,70.9583,874,4604,0.1898349261511729,5478,Autumn,Uso medio
647,648,09/10/2012,4,1,10,0,2,1,2,18.313347,12.7501,0.438112,76.1667,601,5791,0.10378173027111035,6392,Autumn,Uso medio
648,649,10/10/2012,4,1,10,0,3,1,1,21.080847,12.584007,0.503142,63.0833,780,6911,0.11286355086094632,7691,Autumn,Uso alto
649,650,11/10/2012,4,1,10,0,4,1,1,17.835,12.166932,0.431167,46.3333,834,6736,0.12381235154394299,7570,Autumn,Uso alto
650,651,12/10/2012,4,1,10,0,5,1,1,17.9375,15.751164,0.433071,53.9167,1060,6222,0.17036322725811637,7282,Autumn,Uso alto
651,652,13/10/2012,4,1,10,0,6,0,1,16.126653,9.791514,0.391396,49.4583,2252,4857,0.46366069590282066,7109,Autumn,Uso alto
652,653,14/10/2012,4,1,10,0,0,0,1,21.388347,18.667004,0.508204,64.0417,2080,4559,0.45624040359728013,6639,Autumn,Uso alto
653,654,15/10/2012,4,1,10,0,1,1,2,23.028347,19.834479,0.53915,70.75,760,5115,0.14858260019550343,5875,Autumn,Uso medio
654,655,16/10/2012,4,1,10,0,2,1,1,19.201653,12.208807,0.460846,55.8333,922,6612,0.1394434361766485,7534,Autumn,Uso alto
655,656,17/10/2012,4,1,10,0,3,1,1,18.689153,6.791857,0.450108,69.2917,979,6482,0.15103363159518668,7461,Autumn,Uso alto
656,657,18/10/2012,4,1,10,0,4,1,2,21.4225,15.874779,0.512625,72.8333,1008,6501,0.15505306875865252,7509,Autumn,Uso alto
657,658,19/10/2012,4,1,10,0,5,1,2,23.096653,9.041918,0.537896,81.5,753,4671,0.16120745022479127,5424,Autumn,Uso medio
658,659,20/10/2012,4,1,10,0,6,0,1,19.850847,7.874979,0.472842,57.2917,2806,5284,0.5310370931112793,8090,Autumn,Uso alto
659,660,21/10/2012,4,1,10,0,0,0,1,19.030847,11.125618,0.456429,51.0,2132,4692,0.45439045183290705,6824,Autumn,Uso alto
660,661,22/10/2012,4,1,10,0,1,1,1,19.9875,5.4593811,0.482942,56.8333,830,6228,0.13326910725754657,7058,Autumn,Uso alto
661,662,23/10/2012,4,1,10,0,2,1,1,22.310847,6.3345686,0.530304,64.1667,841,6625,0.1269433962264151,7466,Autumn,Uso alto
662,663,24/10/2012,4,1,10,0,3,1,1,24.0875,4.8762064,0.558721,63.625,795,6898,0.11525079733256016,7693,Autumn,Uso alto
663,664,25/10/2012,4,1,10,0,4,1,2,22.55,8.333125,0.529688,80.0417,875,6484,0.13494756323257248,7359,Autumn,Uso alto
664,665,26/10/2012,4,1,10,0,5,1,2,22.379153,8.875289,0.52275,80.7083,1182,6262,0.18875758543596294,7444,Autumn,Uso alto
665,666,27/10/2012,4,1,10,0,6,0,2,21.73,15.791364,0.515133,72.0,2643,5209,0.507391053945095,7852,Autumn,Uso alto
666,667,28/10/2012,4,1,10,0,0,0,2,19.5775,26.666536,0.467771,69.4583,998,3461,0.28835596648367523,4459,Autumn,Uso medio
667,668,29/10/2012,4,1,10,0,1,1,3,18.04,23.9994,0.4394,88.0,2,20,0.1,22,Autumn,Uso bajo
668,669,30/10/2012,4,1,10,0,2,1,2,13.045462,14.271603,0.309909,82.5455,87,1009,0.08622398414271557,1096,Autumn,Uso bajo
669,670,31/10/2012,4,1,10,0,3,1,2,14.6575,11.166689,0.3611,66.6667,419,5147,0.0814066446473674,5566,Autumn,Uso medio
670,671,01/11/2012,4,1,11,0,4,1,2,14.999153,10.542182,0.369942,58.1667,466,5520,0.08442028985507247,5986,Autumn,Uso medio
671,672,02/11/2012,4,1,11,0,5,1,1,14.555,17.833725,0.356042,52.2083,618,5229,0.11818703384968446,5847,Autumn,Uso medio
672,673,03/11/2012,4,1,11,0,6,0,2,14.076653,18.125443,0.323846,49.125,1029,4109,0.2504258943781942,5138,Autumn,Uso medio
673,674,04/11/2012,4,1,11,0,0,0,1,13.359153,12.000236,0.329538,53.2917,1201,3906,0.3074756784434204,5107,Autumn,Uso medio
674,675,05/11/2012,4,1,11,0,1,1,1,13.085847,15.833775,0.308075,49.4167,378,4881,0.07744314689612784,5259,Autumn,Uso medio
675,676,06/11/2012,4,1,11,0,2,1,1,11.514153,11.625371,0.281567,56.7083,466,5220,0.089272030651341,5686,Autumn,Uso medio
676,677,07/11/2012,4,1,11,0,3,1,2,12.129153,20.375236,0.274621,54.75,326,4709,0.06922913569760034,5035,Autumn,Uso medio
677,678,08/11/2012,4,1,11,0,4,1,1,14.439134,23.304945,0.341891,33.3478,340,4975,0.06834170854271357,5315,Autumn,Uso medio
678,679,09/11/2012,4,1,11,0,5,1,1,14.828347,14.375386,0.355413,54.0833,709,5283,0.1342040507287526,5992,Autumn,Uso medio
679,680,10/11/2012,4,1,11,0,6,0,1,15.955847,3.8756686,0.393937,64.5417,2090,4446,0.4700854700854701,6536,Autumn,Uso alto
680,681,11/11/2012,4,1,11,0,0,0,1,17.254153,8.5425,0.421713,65.9167,2290,4562,0.5019728189390618,6852,Autumn,Uso alto
681,682,12/11/2012,4,1,11,1,1,0,1,19.885,11.625639,0.475383,74.1667,1097,5172,0.21210363495746326,6269,Autumn,Uso medio
682,683,13/11/2012,4,1,11,0,2,1,2,14.076653,22.917082,0.323225,66.2917,327,3767,0.08680647730289355,4094,Autumn,Uso medio
683,684,14/11/2012,4,1,11,0,3,1,1,11.855847,13.374875,0.281563,55.2083,373,5122,0.07282311597032409,5495,Autumn,Uso medio
684,685,15/11/2012,4,1,11,0,4,1,2,13.188347,10.250129,0.324492,62.0417,320,5125,0.0624390243902439,5445,Autumn,Uso medio
685,686,16/11/2012,4,1,11,0,5,1,1,14.145,11.458675,0.347204,52.4583,484,5214,0.09282700421940929,5698,Autumn,Uso medio
686,687,17/11/2012,4,1,11,0,6,0,1,13.325,12.041843,0.326383,54.5417,1313,4316,0.3042168674698795,5629,Autumn,Uso medio
687,688,18/11/2012,4,1,11,0,0,0,1,14.0425,15.250004,0.337746,69.2917,922,3747,0.2460635174806512,4669,Autumn,Uso medio
688,689,19/11/2012,4,1,11,0,1,1,2,15.614153,15.749489,0.375621,62.3333,449,5050,0.0889108910891089,5499,Autumn,Uso medio
689,690,20/11/2012,4,1,11,0,2,1,2,15.340847,5.542575,0.380667,68.5,534,5100,0.10470588235294118,5634,Autumn,Uso medio
690,691,21/11/2012,4,1,11,0,3,1,1,14.486653,6.917482,0.364892,61.375,615,4531,0.13573162657250054,5146,Autumn,Uso medio
691,692,22/11/2012,4,1,11,1,4,0,1,13.94,3.5423436,0.350371,58.0417,955,1470,0.6496598639455783,2425,Autumn,Uso bajo
692,693,23/11/2012,4,1,11,0,5,1,1,15.101653,9.917407,0.378779,56.875,1603,2307,0.6948417858690941,3910,Autumn,Uso medio
693,694,24/11/2012,4,1,11,0,6,0,1,11.411653,25.250357,0.248742,40.4583,532,1745,0.3048710601719198,2277,Autumn,Uso bajo
694,695,25/11/2012,4,1,11,0,0,0,1,10.079153,10.0835,0.257583,46.8333,309,2115,0.14609929078014183,2424,Autumn,Uso bajo
695,696,26/11/2012,4,1,11,0,1,1,1,12.846653,3.12555,0.339004,53.5417,337,4750,0.07094736842105263,5087,Autumn,Uso medio
696,697,27/11/2012,4,1,11,0,2,1,2,11.958347,15.916654,0.281558,78.6667,123,3836,0.032064650677789366,3959,Autumn,Uso medio
697,698,28/11/2012,4,1,11,0,3,1,1,12.163347,14.125007,0.289762,50.625,198,5062,0.03911497431845121,5260,Autumn,Uso medio
698,699,29/11/2012,4,1,11,0,4,1,1,11.51567,7.739974,0.298422,55.5652,243,5080,0.04783464566929134,5323,Autumn,Uso medio
699,700,30/11/2012,4,1,11,0,5,1,1,12.231653,3.9175436,0.323867,64.9583,362,5306,0.0682246513381078,5668,Autumn,Uso medio
700,701,01/12/2012,4,1,12,0,6,0,2,12.231653,4.0001814,0.316904,80.6667,951,4240,0.22429245283018867,5191,Autumn,Uso medio
701,702,02/12/2012,4,1,12,0,0,0,2,14.2475,8.333393,0.359208,82.3333,892,3757,0.23742347617780143,4649,Autumn,Uso medio
702,703,03/12/2012,4,1,12,0,1,1,1,18.5525,5.5422936,0.455796,76.75,555,5679,0.09772847332276809,6234,Autumn,Uso medio
703,704,04/12/2012,4,1,12,0,2,1,1,19.509153,11.666643,0.469054,73.375,551,6055,0.09099917423616846,6606,Autumn,Uso alto
704,705,05/12/2012,4,1,12,0,3,1,1,17.971653,21.709407,0.428012,48.5,331,5398,0.06131900703964431,5729,Autumn,Uso medio
705,706,06/12/2012,4,1,12,0,4,1,1,10.489153,11.708518,0.258204,50.875,340,5035,0.06752730883813307,5375,Autumn,Uso medio
706,707,07/12/2012,4,1,12,0,5,1,2,13.154153,8.7502,0.321958,76.4167,349,4659,0.07490877870787722,5008,Autumn,Uso medio
707,708,08/12/2012,4,1,12,0,6,0,2,15.648347,6.792393,0.389508,91.125,1153,4429,0.26032964551817567,5582,Autumn,Uso medio
708,709,09/12/2012,4,1,12,0,0,0,2,15.750847,10.584325,0.390146,90.5417,441,2787,0.15823466092572658,3228,Autumn,Uso medio
709,710,10/12/2012,4,1,12,0,1,1,2,17.869153,12.750636,0.435575,92.5,329,4841,0.06796116504854369,5170,Autumn,Uso medio
710,711,11/12/2012,4,1,12,0,2,1,2,14.486653,19.834479,0.338363,59.6667,282,5219,0.05403333972025292,5501,Autumn,Uso medio
711,712,12/12/2012,4,1,12,0,3,1,2,12.1975,10.916779,0.297338,53.8333,310,5009,0.06188860051906568,5319,Autumn,Uso medio
712,713,13/12/2012,4,1,12,0,4,1,1,12.129153,11.666643,0.294188,48.5833,425,5107,0.0832191110240846,5532,Autumn,Uso medio
713,714,14/12/2012,4,1,12,0,5,1,1,11.548347,8.792343,0.294192,64.2917,429,5182,0.08278656889231957,5611,Autumn,Uso medio
714,715,15/12/2012,4,1,12,0,6,0,1,13.290847,7.12545,0.338383,65.0417,767,4280,0.17920560747663553,5047,Autumn,Uso medio
715,716,16/12/2012,4,1,12,0,0,0,2,14.8625,6.749714,0.369938,83.875,538,3248,0.16564039408866996,3786,Autumn,Uso medio
716,717,17/12/2012,4,1,12,0,1,1,2,16.126653,6.5833061,0.4015,90.7083,212,4373,0.04847930482506289,4585,Autumn,Uso medio
717,718,18/12/2012,4,1,12,0,2,1,1,16.844153,14.834068,0.409708,66.625,433,5124,0.08450429352068696,5557,Autumn,Uso medio
718,719,19/12/2012,4,1,12,0,3,1,1,13.6325,12.334164,0.342162,62.5417,333,4934,0.06749087961086339,5267,Autumn,Uso medio
719,720,20/12/2012,4,1,12,0,4,1,2,13.53,8.875021,0.335217,66.7917,314,3814,0.08232826428945988,4128,Autumn,Uso medio
720,721,21/12/2012,1,1,12,0,5,1,2,13.393347,25.083661,0.301767,55.6667,221,3402,0.06496178718400941,3623,Winter,Uso medio
721,722,22/12/2012,1,1,12,0,6,0,1,10.899153,27.292182,0.236113,44.125,205,1544,0.1327720207253886,1749,Winter,Uso bajo
722,723,23/12/2012,1,1,12,0,0,0,1,10.079153,8.916561,0.259471,51.5417,408,1379,0.2958665699782451,1787,Winter,Uso bajo
723,724,24/12/2012,1,1,12,0,1,1,2,9.483464,5.1744368,0.2589,79.1304,174,746,0.23324396782841822,920,Winter,Uso bajo
724,725,25/12/2012,1,1,12,1,2,0,2,11.943464,11.304642,0.294465,73.4783,440,573,0.7678883071553229,1013,Winter,Uso bajo
725,726,26/12/2012,1,1,12,0,3,1,3,9.976653,21.208582,0.220333,82.3333,9,432,0.020833333333333332,441,Winter,Uso bajo
726,727,27/12/2012,1,1,12,0,4,1,2,10.420847,23.458911,0.226642,65.2917,247,1867,0.13229780396357793,2114,Winter,Uso bajo
727,728,28/12/2012,1,1,12,0,5,1,2,10.386653,10.416557,0.255046,59.0,644,2451,0.262749898000816,3095,Winter,Uso medio
728,729,29/12/2012,1,1,12,0,6,0,2,10.386653,8.333661,0.2424,75.2917,159,1182,0.13451776649746192,1341,Winter,Uso bajo
729,730,30/12/2012,1,1,12,0,0,0,1,10.489153,23.500518,0.2317,48.3333,364,1432,0.2541899441340782,1796,Winter,Uso bajo
730,731,31/12/2012,1,1,12,0,1,1,2,8.849153,10.374682,0.223487,57.75,439,2290,0.19170305676855895,2729,Winter,Uso medio
